TIME,SIMTIME,CAMERA,GROUNDID,LABEL,X,Y,Z,ERROR
2508,329,299.4000,133.2400,0.1776,---,34.8154,12.4313,-0.0897, 1000000.0000
2508,329,299.4000,133.2400,0.0908,---,34.8154,12.4313,-0.0857, 1000000.0000
2558,329,299.4000,133.2400,0.0377,---,34.8154,12.4313,-0.0748, 1000000.0000
2608,329,299.4000,133.2400,0.0157,---,34.8154,12.4313,-0.0696, 1000000.0000
2658,329,299.4000,133.2400,0.0092,---,34.8154,12.4313,-0.0651, 1000000.0000
2708,329,299.4000,133.2400,0.0099,---,34.8154,12.4313,-0.0603, 1000000.0000
2758,329,299.4000,133.2400,0.0133,---,34.8154,12.4313,-0.0552, 1000000.0000
2808,329,299.4000,133.2400,0.0174,---,34.8154,12.4313,-0.0505, 1000000.0000
2858,329,299.4000,133.2400,0.0212,---,34.8154,12.4313,-0.0466, 1000000.0000
2908,329,299.4000,133.2400,0.0244,---,34.8154,12.4313,-0.0436, 1000000.0000
2958,329,299.4000,133.2400,0.0269,---,34.8154,12.4313,-0.0415, 1000000.0000
3008,329,299.4000,133.2400,0.0288,---,34.8154,12.4313,-0.0402, 1000000.0000
3058,329,299.4000,133.2400,0.0302,---,34.8154,12.4313,-0.0395, 1000000.0000
3108,329,299.4000,133.2400,0.0312,---,34.8154,12.4313,-0.0393, 1000000.0000
3158,329,299.4000,133.2400,0.0319,---,34.8154,12.4313,-0.0393, 1000000.0000
3208,329,299.4000,133.2400,0.0324,---,34.8154,12.4313,-0.0396, 1000000.0000
3258,329,299.4000,133.2400,0.0327,---,34.8154,12.4313,-0.0399, 1000000.0000
3308,329,299.4000,133.2400,0.0329,---,34.8154,12.4313,-0.0401, 1000000.0000
3358,329,299.4000,133.2400,0.0331,---,34.8154,12.4313,-0.0404, 1000000.0000
3408,329,299.4000,133.2400,0.0332,---,34.8154,12.4313,-0.0406, 1000000.0000
3458,329,299.4000,133.2400,0.0333,---,34.8154,12.4313,-0.0408, 1000000.0000
3508,329,299.4000,133.2400,0.0333,---,34.8154,12.4313,-0.0410, 1000000.0000
3558,329,299.4000,133.2400,0.0334,---,34.8154,12.4313,-0.0411, 1000000.0000
3608,329,299.4000,133.2400,0.0334,---,34.8154,12.4313,-0.0411, 1000000.0000
3658,329,299.4000,133.2400,0.0334,---,34.8154,12.4313,-0.0412, 1000000.0000
3708,329,299.4000,133.2400,0.0334,---,34.8154,12.4313,-0.0412, 1000000.0000
3758,329,299.4000,133.2400,0.0334,---,34.8154,12.4313,-0.0412, 1000000.0000
3808,329,299.4000,133.2400,0.0334,---,34.8154,12.4313,-0.0412, 1000000.0000
3858,329,299.4000,133.2400,0.0334,---,34.8154,12.4313,-0.0412, 1000000.0000
3908,329,299.4000,133.2400,0.0334,---,34.8154,12.4313,-0.0412, 1000000.0000
3958,329,299.4000,133.2400,0.0334,---,34.8154,12.4313,-0.0412, 1000000.0000
4008,329,299.4000,133.2400,0.0334,---,34.8154,12.4313,-0.0412, 1000000.0000
4058,329,299.4000,133.2400,0.0334,---,34.8154,12.4313,-0.0412, 1000000.0000
4108,329,299.4000,133.2400,0.0334,---,34.8154,12.4313,-0.0412, 1000000.0000
4158,329,299.4000,133.2400,0.0334,---,34.8154,12.4313,-0.0412, 1000000.0000
4208,329,299.4000,133.2400,0.0334,---,34.8154,12.4313,-0.0412, 1000000.0000
4258,329,299.4000,133.2400,0.0334,---,34.8154,12.4313,-0.0412, 1000000.0000
4308,329,299.4000,133.2400,0.0334,---,34.8154,12.4313,-0.0412, 1000000.0000
4358,329,299.4000,133.2400,0.0334,---,34.8154,12.4313,-0.0412, 1000000.0000
4408,329,299.4000,133.2400,0.0334,---,34.8154,12.4313,-0.0412, 1000000.0000
4458,329,299.4000,133.2400,0.0334,---,34.8154,12.4313,-0.0412, 1000000.0000
4508,329,299.4000,133.2400,0.0334,---,34.8154,12.4313,-0.0412, 1000000.0000
4558,329,299.4000,133.2400,0.0334,---,34.8154,12.4313,-0.0412, 1000000.0000
4608,329,299.4000,133.2400,0.0334,---,34.8154,12.4313,-0.0412, 1000000.0000
4658,329,299.4000,133.2400,0.0334,---,34.8154,12.4313,-0.0412, 1000000.0000
4708,329,299.4000,133.2400,0.0334,---,34.8154,12.4313,-0.0412, 1000000.0000
4758,329,299.4000,133.2400,0.0334,---,34.8154,12.4313,-0.0412, 1000000.0000
4808,329,299.4000,133.2400,0.0334,---,34.8154,12.4313,-0.0412, 1000000.0000
4858,329,299.4000,133.2400,0.0334,---,34.8189,12.4596,-0.0422, 1000000.0000
4908,329,299.4211,133.2406,0.0331,---,34.8060,12.5262,-0.0436, 1000000.0000
4958,329,299.4716,133.2420,0.0326,---,34.7678,12.6260,-0.0449, 1000000.0000
5008,329,299.5483,133.2438,0.0322,---,34.7070,12.7544,-0.0459, 1000000.0000
5058,329,299.6484,133.2467,0.0319,---,34.6229,12.9061,-0.0466, 1000000.0000
5108,329,299.7689,133.2499,0.0318,---,34.5117,13.0760,-0.0468, 1000000.0000
5158,329,299.9069,133.2536,0.0317,---,34.3781,13.2586,-0.0465, 1000000.0000
5208,329,300.0600,133.2572,0.0317,---,34.2321,13.4501,-0.0459, 1000000.0000
5258,329,300.2260,133.2601,0.0318,---,34.0754,13.6486,-0.0451, 1000000.0000
5308,329,300.4026,133.2626,0.0319,---,33.9094,13.8518,-0.0442, 1000000.0000
5358,329,300.5880,133.2654,0.0320,---,33.7349,14.0580,-0.0434, 1000000.0000
5408,329,300.7805,133.2686,0.0322,---,33.5533,14.2667,-0.0427, 1000000.0000
5458,329,300.9787,133.2720,0.0323,---,33.3659,14.4778,-0.0421, 1000000.0000
5508,329,301.1816,133.2754,0.0325,---,33.1743,14.6912,-0.0417, 1000000.0000
5558,329,301.3884,133.2789,0.0326,---,32.9788,14.9068,-0.0415, 1000000.0000
5608,329,301.5983,133.2826,0.0327,---,32.7806,15.1240,-0.0413, 1000000.0000
5658,329,301.8109,133.2864,0.0328,---,32.5796,15.3430,-0.0412, 1000000.0000
5708,329,302.0259,133.2902,0.0329,---,32.3762,15.5634,-0.0412, 1000000.0000
5758,329,302.2427,133.2941,0.0330,---,32.1712,15.7849,-0.0412, 1000000.0000
5808,329,302.4613,133.2981,0.0331,---,31.9646,16.0077,-0.0412, 1000000.0000
5858,329,302.6813,133.3021,0.0331,---,31.7566,16.2313,-0.0412, 1000000.0000
5908,329,302.9026,133.3062,0.0332,---,31.5473,16.4557,-0.0412, 1000000.0000
5958,329,303.1251,133.3104,0.0332,---,31.3369,16.6808,-0.0413, 1000000.0000
6008,329,303.3485,133.3146,0.0332,---,31.1257,16.9065,-0.0413, 1000000.0000
6058,329,303.5728,133.3188,0.0332,---,30.9136,17.1328,-0.0413, 1000000.0000
6108,329,303.7979,133.3231,0.0333,---,30.7007,17.3595,-0.0413, 1000000.0000
6158,329,304.0236,133.3275,0.0333,---,30.4872,17.5866,-0.0413, 1000000.0000
6208,329,304.2498,133.3318,0.0333,---,30.2733,17.8141,-0.0413, 1000000.0000
6258,329,304.4766,133.3362,0.0333,---,30.0587,18.0420,-0.0413, 1000000.0000
6308,329,304.7038,133.3406,0.0333,---,29.8439,18.2700,-0.0413, 1000000.0000
6358,329,304.9315,133.3450,0.0333,---,29.6287,18.4983,-0.0413, 1000000.0000
6408,329,305.1594,133.3494,0.0333,---,29.4131,18.7268,-0.0413, 1000000.0000
6458,329,305.3877,133.3539,0.0334,---,29.1973,18.9556,-0.0413, 1000000.0000
6508,329,305.6162,133.3584,0.0334,---,28.9812,19.1844,-0.0413, 1000000.0000
6558,329,305.8449,133.3628,0.0334,---,28.7650,19.4134,-0.0413, 1000000.0000
6608,329,306.0739,133.3673,0.0334,---,28.5486,19.6426,-0.0413, 1000000.0000
6658,329,306.3030,133.3718,0.0334,---,28.3319,19.8718,-0.0413, 1000000.0000
6708,329,306.5323,133.3763,0.0334,---,28.1150,20.1012,-0.0413, 1000000.0000
6758,329,306.7617,133.3808,0.0334,---,27.8980,20.3306,-0.0413, 1000000.0000
6808,329,306.9913,133.3854,0.0334,---,27.6807,20.5602,-0.0413, 1000000.0000
6858,329,307.2209,133.3899,0.0334,---,27.4633,20.7898,-0.0413, 1000000.0000
6908,329,307.4507,133.3944,0.0334,---,27.2456,21.0194,-0.0412, 1000000.0000
6958,329,307.6805,133.3990,0.0334,---,27.0278,21.2492,-0.0412, 1000000.0000
7008,329,307.9105,133.4035,0.0334,---,26.8097,21.4790,-0.0412, 1000000.0000
7058,329,308.1405,133.4081,0.0334,---,26.5914,21.7088,-0.0412, 1000000.0000
7108,329,308.3705,133.4126,0.0334,---,26.3729,21.9387,-0.0412, 1000000.0000
7158,329,308.6006,133.4172,0.0334,---,26.1541,22.1686,-0.0412, 1000000.0000
7208,329,308.8308,133.4217,0.0334,---,25.9352,22.3986,-0.0412, 1000000.0000
7258,329,309.0610,133.4263,0.0334,---,25.7159,22.6286,-0.0412, 1000000.0000
7308,329,309.2912,133.4309,0.0334,---,25.4964,22.8586,-0.0412, 1000000.0000
7358,329,309.5215,133.4355,0.0334,---,25.2765,23.0887,-0.0412, 1000000.0000
7408,329,309.7519,133.4401,0.0334,---,25.0565,23.3188,-0.0412, 1000000.0000
7458,329,309.9822,133.4447,0.0334,---,24.8361,23.5489,-0.0412, 1000000.0000
7508,329,310.2126,133.4493,0.0334,---,24.6154,23.7791,-0.0412, 1000000.0000
7558,329,310.4430,133.4538,0.0334,---,24.3945,24.0093,-0.0412, 1000000.0000
7608,329,310.6735,133.4584,0.0334,---,24.1732,24.2396,-0.0412, 1000000.0000
7658,329,310.9039,133.4630,0.0334,---,23.9517,24.4699,-0.0412, 1000000.0000
7708,329,311.1336,133.4675,0.0334,---,23.7307,24.7002,-0.0413, 1000000.0000
7758,329,311.3589,133.4719,0.0335,---,23.5137,24.9307,-0.0413, 1000000.0000
7808,329,311.5762,133.4762,0.0336,---,23.3045,25.1614,-0.0415, 1000000.0000
7858,329,311.7820,133.4801,0.0338,---,23.1065,25.3924,-0.0416, 1000000.0000
7908,329,311.9746,133.4839,0.0340,---,22.9214,25.6237,-0.0418, 1000000.0000
32258,272,338.6914,87.2098,0.0334,---,-3.6807,-49.7027,-0.0685, 0.7813
32308,272,338.6909,86.9778,0.0334,---,-3.6799,-49.3403,-0.0685, 0.8027
32358,272,338.6903,86.7458,0.0334,---,-3.6793,-48.9640,-0.0685, 1.3411
32408,272,338.6899,86.5137,0.0334,---,-3.6785,-48.5740,-0.0685, 1.4197
32458,272,338.6896,86.2816,0.0334,---,-3.6778,-48.1705,-0.0685, 0.9789
32508,272,338.6893,86.0496,0.0334,---,-3.6770,-47.7547,-0.0685, 1.3905
32558,272,338.6891,85.8175,0.0334,---,-3.6762,-47.3280,-0.0685, 1.0065
32608,272,338.6890,85.5854,0.0334,---,-3.6757,-46.8925,-0.0685, 1.0418
32658,272,338.6890,85.3532,0.0334,---,-3.6753,-46.4501,-0.0685, 1.0699
32708,272,338.6890,85.1211,0.0334,---,-3.6750,-46.0025,-0.0685, 1.0919
32758,272,338.6891,84.8890,0.0334,---,-3.6749,-45.5512,-0.0685, 1.5541
32808,272,338.6892,84.6568,0.0334,---,-3.6748,-45.0971,-0.0685, 1.4561
32858,272,338.6894,84.4246,0.0334,---,-3.6749,-44.6410,-0.0685, 1.6588
32908,272,338.6897,84.1925,0.0334,---,-3.6752,-44.1833,-0.0685, 1.4232
32958,272,338.6900,83.9603,0.0334,---,-3.6757,-43.7244,-0.0685, 1.3270
33008,272,338.6904,83.7281,0.0334,---,-3.6762,-43.2645,-0.0685, 1000000.0000
33058,272,338.6909,83.4958,0.0334,---,-3.6768,-42.8036,-0.0686, 1000000.0000
33108,272,338.6913,83.2636,0.0334,---,-3.6776,-42.3421,-0.0686, 1000000.0000
33158,272,338.6919,83.0314,0.0334,---,-3.6786,-41.8800,-0.0686, 1000000.0000
33208,272,338.6924,82.7991,0.0334,---,-3.6796,-41.4174,-0.0686, 1000000.0000
33208,336,338.6924,82.7991,0.0334,---,-3.8773,-49.5125,-0.0541, 1000000.0000
33258,272,338.6931,82.5668,0.0334,---,-3.6808,-40.9544,-0.0686, 1000000.0000
33258,336,338.6931,82.5668,0.0334,---,-3.8799,-49.1413,-0.0540, 1000000.0000
33308,272,338.6938,82.3345,0.0334,---,-3.6822,-40.4911,-0.0686, 1000000.0000
33308,336,338.6938,82.3345,0.0334,---,-3.8827,-48.7629,-0.0540, 1000000.0000
33358,272,338.6945,82.1022,0.0334,---,-3.6836,-40.0276,-0.0686, 1000000.0000
33358,336,338.6945,82.1022,0.0334,---,-3.8856,-48.3782,-0.0539, 1000000.0000
33408,336,338.6953,81.8699,0.0334,---,-3.8886,-47.9879,-0.0539, 83.6507
33408,272,338.6953,81.8699,0.0334,---,-3.6851,-39.5638,-0.0686, 1000000.0000
33458,336,338.6961,81.6376,0.0334,---,-3.8915,-47.5931,-0.0538, 81.8502
33458,272,338.6961,81.6376,0.0334,---,-3.6867,-39.0999,-0.0686, 1000000.0000
33508,336,338.6970,81.4053,0.0334,---,-3.8945,-47.1945,-0.0537, 85.2481
33508,272,338.6970,81.4053,0.0334,---,-3.6884,-38.6359,-0.0686, 1000000.0000
33558,336,338.6978,81.1729,0.0334,---,-3.8974,-46.7928,-0.0536, 85.7649
33558,272,338.6978,81.1729,0.0334,---,-3.6902,-38.1717,-0.0686, 1000000.0000
33608,336,338.6987,80.9406,0.0334,---,-3.9003,-46.3887,-0.0535, 90.6026
33608,272,338.6987,80.9406,0.0334,---,-3.6920,-37.7075,-0.0686, 1000000.0000
33658,336,338.6996,80.7082,0.0334,---,-3.9033,-45.9825,-0.0534, 91.6436
33658,272,338.6996,80.7082,0.0334,---,-3.6940,-37.2432,-0.0686, 1000000.0000
33708,336,338.7006,80.4758,0.0334,---,-3.9062,-45.5745,-0.0533, 92.6488
33708,272,338.7006,80.4758,0.0334,---,-3.6961,-36.7788,-0.0686, 1000000.0000
33758,336,338.7016,80.2434,0.0334,---,-3.9090,-45.1651,-0.0532, 94.0758
33758,272,338.7016,80.2434,0.0334,---,-3.6982,-36.3144,-0.0686, 1000000.0000
33808,336,338.7025,80.0110,0.0334,---,-3.9118,-44.7545,-0.0532, 94.5834
33808,272,338.7025,80.0110,0.0334,---,-3.7004,-35.8499,-0.0686, 1.6458
33858,336,338.7036,79.7785,0.0334,---,-3.9146,-44.3427,-0.0531, 94.0916
33858,272,338.7036,79.7785,0.0334,---,-3.7027,-35.3854,-0.0686, 1.7876
33908,336,338.7046,79.5461,0.0334,---,-3.9172,-43.9301,-0.0531, 94.7998
33908,272,338.7046,79.5461,0.0334,---,-3.7050,-34.9208,-0.0686, 1.9828
33958,336,338.7057,79.3136,0.0334,---,-3.9200,-43.5167,-0.0530, 97.0565
33958,272,338.7057,79.3136,0.0334,---,-3.7076,-34.4562,-0.0686, 1.0835
34008,336,338.7068,79.0812,0.0334,---,-3.9226,-43.1026,-0.0530, 97.5205
34008,272,338.7068,79.0812,0.0334,---,-3.7105,-33.9915,-0.0686, 1.9701
34058,272,338.7079,78.8487,0.0334,---,-3.7139,-33.5269,-0.0686, 1.3666
34058,336,338.7079,78.8487,0.0334,---,-3.9252,-42.6880,-0.0530, 1000000.0000
34108,272,338.7090,78.6162,0.0334,---,-3.7180,-33.0622,-0.0686, 0.8473
34108,336,338.7090,78.6162,0.0334,---,-3.9277,-42.2729,-0.0529, 106.6012
34158,272,338.7101,78.3837,0.0334,---,-3.7226,-32.5975,-0.0686, 1.2812
34158,336,338.7101,78.3837,0.0334,---,-3.9300,-41.8574,-0.0529, 1000000.0000
34208,336,338.7113,78.1512,0.0334,---,-3.9324,-41.4416,-0.0529, 104.1068
34208,272,338.7113,78.1512,0.0334,---,-3.7283,-32.1327,-0.0686, 1.3381
34258,272,338.7124,77.9186,0.0334,---,-3.7350,-31.6680,-0.0686, 1.3806
34258,336,338.7124,77.9186,0.0334,---,-3.9346,-41.0255,-0.0529, 1000000.0000
34308,336,338.7136,77.6861,0.0334,---,-3.9369,-40.6092,-0.0529, 106.8786
34308,272,338.7136,77.6861,0.0334,---,-3.7437,-31.2033,-0.0686, 1000000.0000
34358,336,338.7148,77.4535,0.0334,---,-3.9391,-40.1927,-0.0529, 107.6237
34358,272,338.7148,77.4535,0.0334,---,-3.7546,-30.7387,-0.0686, 1.1322
34408,336,338.7159,77.2210,0.0334,---,-3.9411,-39.7760,-0.0529, 106.4279
34408,272,338.7159,77.2210,0.0334,---,-3.7679,-30.2742,-0.0686, 1.3806
34458,336,338.7172,76.9884,0.0334,---,-3.9432,-39.3592,-0.0529, 107.8137
34458,272,338.7172,76.9884,0.0334,---,-3.7839,-29.8099,-0.0686, 1.3894
34508,336,338.7184,76.7558,0.0334,---,-3.9450,-38.9423,-0.0529, 109.2072
34508,272,338.7184,76.7558,0.0334,---,-3.8039,-29.3459,-0.0686, 1000000.0000
34558,336,338.7196,76.5232,0.0334,---,-3.9470,-38.5254,-0.0528, 109.9539
34558,272,338.7196,76.5232,0.0334,---,-3.8267,-28.8821,-0.0686, 1000000.0000
34608,336,338.7209,76.2905,0.0334,---,-3.9489,-38.1085,-0.0528, 108.3007
34608,272,338.7209,76.2905,0.0334,---,-3.8529,-28.4186,-0.0686, 1.4169
34658,336,338.7220,76.0579,0.0334,---,-3.9506,-37.6916,-0.0528, 104.6374
34658,272,338.7220,76.0579,0.0334,---,-3.8846,-27.9559,-0.0686, 1.1754
34708,336,338.7233,75.8252,0.0334,---,-3.9523,-37.2749,-0.0528, 84.5864
34708,272,338.7233,75.8252,0.0334,---,-3.9214,-27.4940,-0.0686, 1000000.0000
34758,336,338.7245,75.5926,0.0334,---,-3.9539,-36.8584,-0.0528, 3.3884
34758,272,338.7245,75.5926,0.0334,---,-3.9608,-27.0324,-0.0686, 0.9417
34808,272,338.7257,75.3599,0.0334,---,-4.0060,-26.5719,-0.0686, 1.2952
34808,336,338.7257,75.3599,0.0334,---,-3.9555,-36.4423,-0.0528, 1000000.0000
34858,336,338.7270,75.1272,0.0334,---,-3.9570,-36.0266,-0.0528, 3.6127
34858,272,338.7270,75.1272,0.0334,---,-4.0559,-26.1123,-0.0686, 0.8403
34908,272,338.7282,74.8945,0.0334,---,-4.1107,-25.6538,-0.0686, 1.2305
34908,336,338.7282,74.8945,0.0334,---,-3.9585,-35.6113,-0.0528, 3.5276
34958,272,338.7294,74.6618,0.0334,---,-4.1712,-25.1967,-0.0686, 1000000.0000
34958,336,338.7294,74.6618,0.0334,---,-3.9598,-35.1965,-0.0528, 1000000.0000
35008,272,338.7306,74.4291,0.0334,---,-4.2377,-24.7413,-0.0686, 0.8567
35008,336,338.7306,74.4291,0.0334,---,-3.9611,-34.7824,-0.0528, 3.6258
35058,336,338.7317,74.1963,0.0334,---,-3.9622,-34.3690,-0.0527, 3.5668
35058,272,338.7317,74.1963,0.0334,---,-4.3098,-24.2877,-0.0686, 1000000.0000
35108,272,338.7329,73.9636,0.0334,---,-4.3877,-23.8359,-0.0686, 1.0138
35108,336,338.7329,73.9636,0.0334,---,-3.9635,-33.9565,-0.0527, 3.4492
35158,336,338.7341,73.7308,0.0334,---,-3.9647,-33.5451,-0.0527, 3.4982
35158,272,338.7341,73.7308,0.0334,---,-4.4734,-23.3872,-0.0686, 1.4273
35208,336,338.7353,73.4980,0.0334,---,-3.9657,-33.1349,-0.0527, 3.6031
35208,272,338.7353,73.4980,0.0334,---,-4.5654,-22.9411,-0.0686, 1000000.0000
35208,296,338.7353,73.4980,0.0334,---,-3.8896,-43.6754,-0.0230, 1000000.0000
35258,336,338.7365,73.2652,0.0334,---,-3.9667,-32.7262,-0.0527, 3.4320
35258,272,338.7365,73.2652,0.0334,---,-4.6622,-22.4969,-0.0686, 1000000.0000
35258,296,338.7365,73.2652,0.0334,---,-3.8864,-43.2692,-0.0229, 1000000.0000
35308,336,338.7376,73.0324,0.0334,---,-3.9676,-32.3194,-0.0526, 3.4974
35308,272,338.7376,73.0324,0.0334,---,-4.7644,-22.0551,-0.0686, 1.2437
35358,272,338.7388,72.7996,0.0334,---,-4.8732,-21.6165,-0.0686, 1.5729
35358,336,338.7388,72.7996,0.0334,---,-3.9685,-31.9144,-0.0526, 3.4575
35408,272,338.7400,72.5668,0.0334,---,-4.9886,-21.1815,-0.0686, 1.2277
35408,336,338.7400,72.5668,0.0334,---,-3.9694,-31.5111,-0.0526, 3.5894
35408,296,338.7400,72.5668,0.0334,---,-3.8770,-42.0684,-0.0230, 1000000.0000
35458,272,338.7411,72.3339,0.0334,---,-5.1097,-20.7499,-0.0686, 1.1546
35458,336,338.7411,72.3339,0.0334,---,-3.9702,-31.1096,-0.0526, 3.4499
35458,296,338.7411,72.3339,0.0334,---,-3.8740,-41.6726,-0.0231, 1000000.0000
35508,296,338.7423,72.1011,0.0334,---,-3.8711,-41.2791,-0.0231, 151.7649
35508,336,338.7423,72.1011,0.0334,---,-3.9709,-30.7101,-0.0526, 3.5405
35508,272,338.7423,72.1011,0.0334,---,-5.2366,-20.3217,-0.0686, 1.2225
35558,296,338.7435,71.8682,0.0334,---,-3.8682,-40.8879,-0.0232, 151.7349
35558,336,338.7435,71.8682,0.0334,---,-3.9716,-30.3131,-0.0525, 3.4711
35558,272,338.7435,71.8682,0.0334,---,-5.3693,-19.8974,-0.0686, 1.3800
35608,296,338.7446,71.6353,0.0334,---,-3.8654,-40.4991,-0.0233, 153.2725
35608,336,338.7446,71.6353,0.0334,---,-3.9722,-29.9186,-0.0525, 3.2023
35608,272,338.7446,71.6353,0.0334,---,-5.5099,-19.4792,-0.0685, 1.1704
35658,336,338.7457,71.4024,0.0334,---,-3.9727,-29.5269,-0.0525, 3.5285
35658,296,338.7457,71.4024,0.0334,---,-3.8626,-40.1127,-0.0233, 153.2372
35658,272,338.7457,71.4024,0.0334,---,-5.6565,-19.0657,-0.0685, 1000000.0000
35708,336,338.7468,71.1695,0.0334,---,-3.9733,-29.1383,-0.0524, 3.4933
35708,296,338.7468,71.1695,0.0334,---,-3.8599,-39.7288,-0.0233, 149.2423
35708,272,338.7468,71.1695,0.0334,---,-5.8074,-18.6553,-0.0686, 1000000.0000
35758,336,338.7478,70.9366,0.0334,---,-3.9737,-28.7538,-0.0524, 3.3635
35758,296,338.7478,70.9366,0.0334,---,-3.8573,-39.3474,-0.0233, 150.1091
35758,333,338.7478,70.9366,0.0334,---,0.0838,-49.8781,-0.0528, 3.8076
35758,272,338.7478,70.9366,0.0334,---,-5.9631,-18.2490,-0.0686, 1000000.0000
35808,336,338.7489,70.7037,0.0334,---,-3.9742,-28.3731,-0.0523, 3.5762
35808,296,338.7489,70.7037,0.0334,---,-3.8548,-38.9686,-0.0233, 148.9686
35808,333,338.7489,70.7037,0.0334,---,0.0827,-49.6452,-0.0528, 3.7606
35808,272,338.7489,70.7037,0.0334,---,-6.1250,-17.8482,-0.0686, 1000000.0000
35858,336,338.7500,70.4708,0.0334,---,-3.9746,-27.9952,-0.0523, 3.3545
35858,296,338.7500,70.4708,0.0334,---,-3.8525,-38.5927,-0.0233, 150.0840
35858,333,338.7500,70.4708,0.0334,---,0.0816,-49.4123,-0.0528, 3.7688
35858,272,338.7500,70.4708,0.0334,---,-6.2943,-17.4556,-0.0685, 1000000.0000
35908,336,338.7511,70.2378,0.0334,---,-3.9750,-27.6176,-0.0524, 3.4138
35908,296,338.7511,70.2378,0.0334,---,-3.8503,-38.2200,-0.0233, 149.7455
35908,272,338.7511,70.2378,0.0334,---,-6.4689,-17.0685,-0.0685, 1000000.0000
35908,333,338.7511,70.2378,0.0334,---,0.0805,-49.1794,-0.0528, 1000000.0000
35958,336,338.7521,70.0049,0.0334,---,-3.9751,-27.2378,-0.0526, 3.3677
35958,296,338.7521,70.0049,0.0334,---,-3.8480,-37.8504,-0.0233, 143.5469
35958,333,338.7521,70.0049,0.0334,---,0.0795,-48.9464,-0.0528, 3.6862
35958,272,338.7521,70.0049,0.0334,---,-6.6467,-16.6848,-0.0686, 1000000.0000
36008,336,338.7531,69.7720,0.0334,---,-3.9753,-26.8540,-0.0528, 3.5214
36008,296,338.7531,69.7720,0.0334,---,-3.8459,-37.4834,-0.0232, 144.7396
36008,272,338.7531,69.7720,0.0334,---,-6.8289,-16.3061,-0.0686, 1000000.0000
36008,333,338.7531,69.7720,0.0334,---,0.0786,-48.7135,-0.0528, 1000000.0000
36058,336,338.7538,69.5390,0.0334,---,-3.9752,-26.4654,-0.0530, 3.3787
36058,296,338.7538,69.5390,0.0334,---,-3.8437,-37.1176,-0.0233, 147.8263
36058,333,338.7538,69.5390,0.0334,---,0.0778,-48.4805,-0.0528, 3.6681
36058,272,338.7538,69.5390,0.0334,---,-7.0162,-15.9345,-0.0686, 1000000.0000
36108,336,338.7545,69.3061,0.0334,---,-3.9752,-26.0711,-0.0532, 3.5460
36108,296,338.7545,69.3061,0.0334,---,-3.8414,-36.7512,-0.0233, 146.9974
36108,272,338.7545,69.3061,0.0334,---,-7.2098,-15.5725,-0.0685, 1000000.0000
36108,333,338.7545,69.3061,0.0334,---,0.0771,-48.2476,-0.0528, 1000000.0000
36158,272,338.7552,69.0731,0.0334,---,-7.4085,-15.2187,-0.0685, 0.5587
36158,336,338.7552,69.0731,0.0334,---,-3.9750,-25.6710,-0.0533, 3.4626
36158,296,338.7552,69.0731,0.0334,---,-3.8391,-36.3826,-0.0234, 88.6428
36158,333,338.7552,69.0731,0.0334,---,0.0764,-48.0146,-0.0528, 1000000.0000
36208,336,338.7557,68.8402,0.0334,---,-3.9746,-25.2656,-0.0534, 3.5408
36208,333,338.7557,68.8402,0.0334,---,0.0759,-47.7817,-0.0528, 3.6148
36208,296,338.7557,68.8402,0.0334,---,-3.8366,-36.0108,-0.0236, 84.9290
36208,272,338.7557,68.8402,0.0334,---,-7.6088,-14.8669,-0.0686, 1000000.0000
36258,336,338.7560,68.6072,0.0334,---,-3.9740,-24.8564,-0.0535, 3.6070
36258,272,338.7560,68.6072,0.0334,---,-7.8105,-14.5168,-0.0686, 0.6366
36258,296,338.7560,68.6072,0.0334,---,-3.8337,-35.6355,-0.0237, 114.7700
36258,333,338.7560,68.6072,0.0334,---,0.0756,-47.5487,-0.0528, 1000000.0000
36308,336,338.7556,68.3743,0.0334,---,-3.9727,-24.4446,-0.0534, 3.4959
36308,272,338.7556,68.3743,0.0334,---,-8.0157,-14.1743,-0.0686, 0.6738
36308,296,338.7556,68.3743,0.0334,---,-3.8304,-35.2567,-0.0238, 145.3650
36308,333,338.7556,68.3743,0.0334,---,0.0760,-47.3158,-0.0528, 1000000.0000
36358,336,338.7541,68.1413,0.0334,---,-3.9703,-24.0304,-0.0534, 3.6589
36358,272,338.7541,68.1413,0.0334,---,-8.2246,-13.8423,-0.0686, 0.4525
36358,296,338.7541,68.1413,0.0334,---,-3.8258,-34.8750,-0.0239, 111.3410
36358,333,338.7541,68.1413,0.0334,---,0.0775,-47.0829,-0.0528, 1000000.0000
36408,336,338.7514,67.9084,0.0334,---,-3.9666,-23.6143,-0.0533, 3.5337
36408,296,338.7514,67.9084,0.0334,---,-3.8200,-34.4910,-0.0240, 143.5721
36408,272,338.7514,67.9084,0.0334,---,-8.4343,-13.5140,-0.0686, 1000000.0000
36408,333,338.7514,67.9084,0.0334,---,0.0802,-46.8500,-0.0528, 1000000.0000
36458,336,338.7472,67.6756,0.0334,---,-3.9614,-23.1983,-0.0532, 3.4643
36458,296,338.7472,67.6756,0.0334,---,-3.8127,-34.1052,-0.0240, 156.9462
36458,333,338.7472,67.6756,0.0334,---,0.0844,-46.6171,-0.0528, 3.8164
36458,272,338.7472,67.6756,0.0334,---,-8.6431,-13.1865,-0.0686, 1000000.0000
36508,336,338.7400,67.4430,0.0334,---,-3.9532,-22.7848,-0.0530, 3.4640
36508,272,338.7400,67.4430,0.0334,---,-8.8511,-12.8634,-0.0686, 0.6552
36508,296,338.7400,67.4430,0.0334,---,-3.8025,-33.7182,-0.0240, 135.1546
36508,333,338.7400,67.4430,0.0334,---,0.0916,-46.3845,-0.0528, 3.9969
36558,336,338.7305,67.2105,0.0334,---,-3.9426,-22.3736,-0.0529, 3.5763
36558,296,338.7305,67.2105,0.0334,---,-3.7901,-33.3300,-0.0239, 156.9769
36558,272,338.7305,67.2105,0.0334,---,-9.0598,-12.5494,-0.0686, 0.5842
36558,333,338.7305,67.2105,0.0334,---,0.1011,-46.1520,-0.0528, 3.6969
36608,336,338.7184,66.9782,0.0334,---,-3.9296,-21.9638,-0.0528, 3.3553
36608,272,338.7184,66.9782,0.0334,---,-9.2680,-12.2412,-0.0686, 0.5642
36608,296,338.7184,66.9782,0.0334,---,-3.7750,-32.9396,-0.0239, 154.6202
36608,333,338.7184,66.9782,0.0334,---,0.1132,-45.9198,-0.0528, 1000000.0000
36658,336,338.7019,66.7466,0.0334,---,-3.9120,-21.5561,-0.0527, 3.6085
36658,272,338.7019,66.7466,0.0334,---,-9.4725,-11.9349,-0.0686, 0.4924
36658,296,338.7019,66.7466,0.0334,---,-3.7556,-32.5462,-0.0239, 155.5065
36658,333,338.7019,66.7466,0.0334,---,0.1297,-45.6881,-0.0528, 3.6551
36708,336,338.6821,66.5152,0.0334,---,-3.8912,-21.1518,-0.0526, 3.6290
36708,296,338.6821,66.5152,0.0334,---,-3.7328,-32.1487,-0.0239, 135.4036
36708,333,338.6821,66.5152,0.0334,---,0.1495,-45.4568,-0.0528, 4.0285
36708,272,338.6821,66.5152,0.0334,---,-9.6746,-11.6314,-0.0686, 1000000.0000
36758,272,338.6592,66.2842,0.0334,---,-9.8754,-11.3341,-0.0686, 2.3038
36758,336,338.6592,66.2842,0.0334,---,-3.8674,-20.7509,-0.0526, 3.4912
36758,296,338.6592,66.2842,0.0334,---,-3.7070,-31.7467,-0.0240, 95.7888
36758,333,338.6592,66.2842,0.0334,---,0.1724,-45.2258,-0.0528, 4.0359
36808,336,338.6308,66.0541,0.0334,---,-3.8381,-20.3528,-0.0525, 3.4021
36808,296,338.6308,66.0541,0.0334,---,-3.6757,-31.3404,-0.0241, 155.1832
36808,272,338.6308,66.0541,0.0334,---,-10.0721,-11.0425,-0.0686, 0.9058
36808,333,338.6308,66.0541,0.0334,---,0.2008,-44.9956,-0.0528, 3.6544
36858,336,338.5986,65.8244,0.0334,---,-3.8049,-19.9567,-0.0525, 3.3571
36858,296,338.5986,65.8244,0.0334,---,-3.6404,-30.9291,-0.0241, 150.7259
36858,333,338.5986,65.8244,0.0334,---,0.2330,-44.7659,-0.0528, 3.6842
36858,272,338.5986,65.8244,0.0334,---,-10.2658,-10.7546,-0.0686, 1000000.0000
36908,336,338.5634,65.5977,0.0335,---,-3.7690,-19.5660,-0.0526, 3.3748
36908,272,338.5634,65.5977,0.0335,---,-10.4572,-10.4723,-0.0686, 1.5408
36908,296,338.5634,65.5977,0.0335,---,-3.6022,-30.5154,-0.0242, 131.4321
36908,333,338.5634,65.5977,0.0335,---,0.2682,-44.5392,-0.0529, 3.6321
36958,336,338.5257,65.3784,0.0336,---,-3.7305,-19.1854,-0.0527, 3.6318
36958,272,338.5257,65.3784,0.0336,---,-10.6469,-10.2009,-0.0687, 1.3940
36958,296,338.5257,65.3784,0.0336,---,-3.5615,-30.1037,-0.0244, 149.1407
36958,333,338.5257,65.3784,0.0336,---,0.3059,-44.3200,-0.0530, 4.0492
37008,336,338.4883,65.1695,0.0337,---,-3.6923,-18.8175,-0.0528, 3.6448
37008,296,338.4883,65.1695,0.0337,---,-3.5211,-29.6971,-0.0246, 151.9849
37008,272,338.4883,65.1695,0.0337,---,-10.8377,-9.9432,-0.0689, 1.9647
37008,333,338.4883,65.1695,0.0337,---,0.3433,-44.1110,-0.0531, 4.0410
37058,336,338.4515,64.9722,0.0339,---,-3.6546,-18.4632,-0.0530, 3.4807
37058,272,338.4515,64.9722,0.0339,---,-11.0296,-9.6999,-0.0691, 1.8835
37058,296,338.4515,64.9722,0.0339,---,-3.4812,-29.2974,-0.0248, 133.7364
37058,333,338.4515,64.9722,0.0339,---,0.3801,-43.9137,-0.0533, 4.0315
37108,272,338.4188,64.7834,0.0340,---,-11.2261,-9.4681,-0.0692, 1.8082
37108,336,338.4188,64.7834,0.0340,---,-3.6212,-18.1197,-0.0531, 3.5388
37108,296,338.4188,64.7834,0.0340,---,-3.4454,-28.9035,-0.0248, 130.8966
37108,333,338.4188,64.7834,0.0340,---,0.4128,-43.7249,-0.0534, 4.0351
37158,272,338.3865,64.6015,0.0341,---,-11.4236,-9.2458,-0.0692, 1.7630
37158,336,338.3865,64.6015,0.0341,---,-3.5882,-17.7852,-0.0531, 3.7408
37158,296,338.3865,64.6015,0.0341,---,-3.4103,-28.5197,-0.0247, 130.3545
37158,333,338.3865,64.6015,0.0341,---,0.4451,-43.5430,-0.0535, 3.7040
37208,336,338.3556,64.4255,0.0341,---,-3.5570,-17.4585,-0.0531, 3.7051
37208,296,338.3556,64.4255,0.0341,---,-3.3768,-28.1521,-0.0244, 133.7208
37208,272,338.3556,64.4255,0.0341,---,-11.6229,-9.0321,-0.0692, 1000000.0000
37208,333,338.3556,64.4255,0.0341,---,0.4760,-43.3670,-0.0535, 1000000.0000
37258,296,338.3223,64.2560,0.0340,---,-3.3412,-27.8040,-0.0240, 137.6001
37258,336,338.3223,64.2560,0.0340,---,-3.5234,-17.1405,-0.0531, 3.4690
37258,333,338.3223,64.2560,0.0340,---,0.5093,-43.1975,-0.0534, 4.0566
37258,272,338.3223,64.2560,0.0340,---,-11.8201,-8.8273,-0.0692, 1000000.0000
37308,336,338.2885,64.0923,0.0340,---,-3.4901,-16.8301,-0.0531, 3.6782
37308,296,338.2885,64.0923,0.0340,---,-3.3054,-27.4689,-0.0237, 134.3661
37308,333,338.2885,64.0923,0.0340,---,0.5431,-43.0338,-0.0534, 3.7523
37358,336,338.2555,63.9335,0.0340,---,-3.4577,-16.5266,-0.0531, 3.7523
37358,296,338.2555,63.9335,0.0340,---,-3.2705,-27.1389,-0.0235, 139.7555
37358,333,338.2555,63.9335,0.0340,---,0.5761,-42.8750,-0.0534, 3.7649
37408,336,338.2206,63.7796,0.0340,---,-3.4246,-16.2296,-0.0530, 3.4026
37408,296,338.2206,63.7796,0.0340,---,-3.2339,-26.8160,-0.0234, 109.0544
37408,333,338.2206,63.7796,0.0340,---,0.6110,-42.7211,-0.0534, 3.7743
37458,336,338.1862,63.6288,0.0339,---,-3.3923,-15.9373,-0.0530, 3.5337
37458,296,338.1862,63.6288,0.0339,---,-3.1979,-26.5036,-0.0233, 117.5803
37458,333,338.1862,63.6288,0.0339,---,0.6454,-42.5703,-0.0533, 3.7893
37508,336,338.1524,63.4801,0.0338,---,-3.3618,-15.6486,-0.0529, 3.5639
37508,296,338.1524,63.4801,0.0338,---,-3.1627,-26.2010,-0.0232, 128.7947
37508,333,338.1524,63.4801,0.0338,---,0.6792,-42.4216,-0.0532, 3.9779
37558,336,338.1159,63.3338,0.0338,---,-3.3293,-15.3636,-0.0529, 3.5454
37558,296,338.1159,63.3338,0.0338,---,-3.1250,-25.9030,-0.0232, 136.4382
37558,333,338.1159,63.3338,0.0338,---,0.7157,-42.2753,-0.0532, 3.8185
37608,336,338.0771,63.1893,0.0337,---,-3.2961,-15.0817,-0.0528, 3.5636
37608,296,338.0771,63.1893,0.0337,---,-3.0852,-25.6067,-0.0232, 133.6129
37608,333,338.0771,63.1893,0.0337,---,0.7545,-42.1308,-0.0531, 3.6495
37658,336,338.0364,63.0460,0.0337,---,-3.2618,-14.8020,-0.0528, 3.4101
37658,296,338.0364,63.0460,0.0337,---,-3.0435,-25.3134,-0.0233, 125.7000
37658,333,338.0364,63.0460,0.0337,---,0.7952,-41.9875,-0.0531, 3.7893
37708,336,337.9967,62.9023,0.0336,---,-3.2292,-14.5229,-0.0528, 3.5486
37708,296,337.9967,62.9023,0.0336,---,-3.0029,-25.0233,-0.0233, 125.8958
37708,333,337.9967,62.9023,0.0336,---,0.8349,-41.8438,-0.0530, 3.8098
37708,301,337.9967,62.9023,0.0336,---,-3.0427,-49.8377,-0.0309, 1000000.0000
37758,336,337.9534,62.7612,0.0336,---,-3.1955,-14.2473,-0.0527, 3.6847
37758,296,337.9534,62.7612,0.0336,---,-2.9589,-24.7378,-0.0234, 126.1980
37758,301,337.9534,62.7612,0.0336,---,-3.0149,-49.4438,-0.0309, 1.5595
37758,333,337.9534,62.7612,0.0336,---,0.8782,-41.7027,-0.0530, 1000000.0000
37808,336,337.9081,62.6241,0.0336,---,-3.1605,-13.9763,-0.0528, 3.3997
37808,296,337.9081,62.6241,0.0336,---,-2.9129,-24.4655,-0.0234, 125.6248
37808,301,337.9081,62.6241,0.0336,---,-2.9843,-49.0512,-0.0309, 1.3948
37808,333,337.9081,62.6241,0.0336,---,0.9235,-41.5656,-0.0530, 1000000.0000
37858,336,337.8621,62.4903,0.0336,---,-3.1274,-13.7095,-0.0528, 3.5658
37858,296,337.8621,62.4903,0.0336,---,-2.8664,-24.2054,-0.0233, 126.0111
37858,301,337.8621,62.4903,0.0336,---,-2.9518,-48.6645,-0.0309, 1000000.0000
37858,333,337.8621,62.4903,0.0336,---,0.9695,-41.4318,-0.0530, 1000000.0000
37908,336,337.8184,62.3586,0.0336,---,-3.0975,-13.4449,-0.0528, 3.4454
37908,296,337.8184,62.3586,0.0336,---,-2.8225,-23.9539,-0.0232, 125.8450
37908,301,337.8184,62.3586,0.0336,---,-2.9208,-48.2772,-0.0309, 1000000.0000
37908,333,337.8184,62.3586,0.0336,---,1.0132,-41.3001,-0.0530, 1000000.0000
37958,336,337.7732,62.2306,0.0337,---,-3.0688,-13.1849,-0.0528, 3.4655
37958,296,337.7732,62.2306,0.0337,---,-2.7774,-23.7098,-0.0232, 126.7204
37958,333,337.7732,62.2306,0.0337,---,1.0584,-41.1722,-0.0531, 3.6356
37958,301,337.7732,62.2306,0.0337,---,-2.8873,-47.8963,-0.0310, 1.5585
38008,336,337.7263,62.1065,0.0337,---,-3.0413,-12.9290,-0.0528, 3.5417
38008,296,337.7263,62.1065,0.0337,---,-2.7303,-23.4696,-0.0232, 125.5533
38008,333,337.7263,62.1065,0.0337,---,1.1053,-41.0480,-0.0531, 3.8020
38058,336,337.6781,61.9853,0.0337,---,-3.0131,-12.6757,-0.0529, 3.5310
38058,296,337.6781,61.9853,0.0337,---,-2.6821,-23.2304,-0.0234, 106.8169
38058,333,337.6781,61.9853,0.0337,---,1.1535,-40.9268,-0.0531, 1000000.0000
38108,336,337.6317,61.8647,0.0336,---,-2.9895,-12.4233,-0.0529, 3.5814
38108,296,337.6317,61.8647,0.0336,---,-2.6355,-22.9897,-0.0235, 111.3915
38108,333,337.6317,61.8647,0.0336,---,1.1999,-40.8062,-0.0530, 3.7449
38158,336,337.5836,61.7465,0.0336,---,-2.9677,-12.1735,-0.0528, 3.3674
38158,296,337.5836,61.7465,0.0336,---,-2.5876,-22.7502,-0.0237, 113.5757
38158,333,337.5836,61.7465,0.0336,---,1.2480,-40.6881,-0.0530, 1000000.0000
38208,336,337.5360,61.6291,0.0336,---,-2.9511,-11.9255,-0.0528, 3.4551
38208,296,337.5360,61.6291,0.0336,---,-2.5400,-22.5114,-0.0238, 102.6408
38208,333,337.5360,61.6291,0.0336,---,1.2956,-40.5706,-0.0530, 3.7786
38258,336,337.4861,61.5140,0.0336,---,-2.9320,-11.6782,-0.0528, 3.5621
38258,296,337.4861,61.5140,0.0336,---,-2.4903,-22.2758,-0.0238, 107.7109
38258,333,337.4861,61.5140,0.0336,---,1.3455,-40.4555,-0.0530, 3.8413
38308,336,337.4343,61.4010,0.0336,---,-2.9134,-11.4324,-0.0529, 3.5126
38308,296,337.4343,61.4010,0.0336,---,-2.4386,-22.0433,-0.0238, 109.0627
38308,333,337.4343,61.4010,0.0336,---,1.3973,-40.3425,-0.0530, 3.6295
38358,336,337.3810,61.2895,0.0336,---,-2.8974,-11.1878,-0.0529, 3.5320
38358,296,337.3810,61.2895,0.0336,---,-2.3857,-21.8130,-0.0238, 95.5539
38358,333,337.3810,61.2895,0.0336,---,1.4506,-40.2310,-0.0530, 3.7405
38408,336,337.3267,61.1792,0.0335,---,-2.8860,-10.9455,-0.0528, 3.4462
38408,296,337.3267,61.1792,0.0335,---,-2.3317,-21.5841,-0.0238, 96.6949
38408,333,337.3267,61.1792,0.0335,---,1.5049,-40.1208,-0.0529, 3.7543
38458,336,337.2712,61.0702,0.0335,---,-2.8734,-10.7020,-0.0529, 3.4474
38458,296,337.2712,61.0702,0.0335,---,-2.2766,-21.3561,-0.0238, 104.2461
38458,333,337.2712,61.0702,0.0335,---,1.5604,-40.0117,-0.0529, 3.8343
38508,336,337.2144,60.9624,0.0335,---,-2.8619,-10.4585,-0.0529, 3.5895
38508,333,337.2144,60.9624,0.0335,---,1.6172,-39.9039,-0.0529, 3.6300
38508,296,337.2144,60.9624,0.0335,---,-2.2200,-21.1292,-0.0237, 1000000.0000
38558,336,337.1563,60.8557,0.0335,---,-2.8554,-10.2173,-0.0528, 3.5590
38558,333,337.1563,60.8557,0.0335,---,1.6753,-39.7973,-0.0529, 3.7424
38558,296,337.1563,60.8557,0.0335,---,-2.1623,-20.9031,-0.0237, 1000000.0000
38608,336,337.0969,60.7503,0.0335,---,-2.8516,-9.9771,-0.0528, 3.5627
38608,333,337.0969,60.7503,0.0335,---,1.7347,-39.6918,-0.0529, 3.6993
38608,296,337.0969,60.7503,0.0335,---,-2.1033,-20.6782,-0.0237, 1000000.0000
38658,336,337.0363,60.6458,0.0335,---,-2.8517,-9.7384,-0.0527, 3.4753
38658,296,337.0363,60.6458,0.0335,---,-2.0432,-20.4543,-0.0237, 102.0649
38658,333,337.0363,60.6458,0.0335,---,1.7953,-39.5874,-0.0529, 3.5716
38708,336,336.9744,60.5424,0.0335,---,-2.8528,-9.4985,-0.0528, 3.3771
38708,296,336.9744,60.5424,0.0335,---,-1.9819,-20.2316,-0.0237, 105.9571
38708,333,336.9744,60.5424,0.0335,---,1.8572,-39.4839,-0.0529, 3.7856
38758,336,336.9113,60.4400,0.0335,---,-2.8579,-9.2598,-0.0528, 3.4596
38758,296,336.9113,60.4400,0.0335,---,-1.9193,-20.0099,-0.0237, 102.3114
38758,333,336.9113,60.4400,0.0335,---,1.9203,-39.3815,-0.0529, 3.6017
38808,336,336.8470,60.3385,0.0335,---,-2.8680,-9.0230,-0.0527, 3.5197
38808,296,336.8470,60.3385,0.0335,---,-1.8554,-19.7894,-0.0236, 101.8148
38808,333,336.8470,60.3385,0.0335,---,1.9846,-39.2801,-0.0529, 3.9290
38858,336,336.7813,60.2381,0.0335,---,-2.8792,-8.7845,-0.0528, 3.4682
38858,296,336.7813,60.2381,0.0335,---,-1.7903,-19.5697,-0.0236, 98.8027
38858,333,336.7813,60.2381,0.0335,---,2.0503,-39.1796,-0.0529, 3.6312
38908,336,336.7145,60.1386,0.0335,---,-2.8944,-8.5467,-0.0528, 3.4390
38908,296,336.7145,60.1386,0.0335,---,-1.7242,-19.3510,-0.0236, 94.1868
38908,333,336.7145,60.1386,0.0335,---,2.1171,-39.0801,-0.0529, 3.5574
38958,336,336.6465,60.0400,0.0335,---,-2.9149,-8.3110,-0.0528, 3.3565
38958,296,336.6465,60.0400,0.0335,---,-1.6569,-19.1332,-0.0236, 97.2646
38958,333,336.6465,60.0400,0.0335,---,2.1851,-38.9816,-0.0529, 3.6091
39008,336,336.5773,59.9425,0.0335,---,-2.9372,-8.0737,-0.0529, 3.2761
39008,296,336.5773,59.9425,0.0335,---,-1.5883,-18.9164,-0.0236, 96.0878
39008,333,336.5773,59.9425,0.0335,---,2.2543,-38.8840,-0.0529, 3.7238
39058,336,336.5070,59.8458,0.0335,---,-2.9641,-7.8375,-0.0529, 3.2070
39058,296,336.5070,59.8458,0.0335,---,-1.5186,-18.7004,-0.0236, 95.5635
39058,333,336.5070,59.8458,0.0335,---,2.3246,-38.7873,-0.0529, 3.7412
39108,336,336.4354,59.7501,0.0335,---,-2.9962,-7.6040,-0.0528, 2.7597
39108,296,336.4354,59.7501,0.0335,---,-1.4478,-18.4855,-0.0236, 4.5885
39108,333,336.4354,59.7501,0.0335,---,2.3962,-38.6916,-0.0528, 3.7589
39158,336,336.3627,59.6553,0.0335,---,-3.0352,-7.3758,-0.0527, 2.6794
39158,296,336.3627,59.6553,0.0335,---,-1.3760,-18.2715,-0.0236, 4.5505
39158,333,336.3627,59.6553,0.0335,---,2.4689,-38.5968,-0.0528, 3.7208
39208,336,336.2889,59.5615,0.0334,---,-3.0783,-7.1483,-0.0527, 2.6263
39208,296,336.2889,59.5615,0.0334,---,-1.3029,-18.0584,-0.0236, 4.1999
39208,333,336.2889,59.5615,0.0334,---,2.5427,-38.5030,-0.0528, 3.5820
39258,336,336.2139,59.4686,0.0334,---,-3.1221,-6.9162,-0.0529, 2.1660
39258,296,336.2139,59.4686,0.0334,---,-1.2288,-17.8463,-0.0236, 4.5940
39258,333,336.2139,59.4686,0.0334,---,2.6177,-38.4101,-0.0528, 3.7200
39308,336,336.1378,59.3766,0.0334,---,-3.1718,-6.6868,-0.0529, 2.1019
39308,296,336.1378,59.3766,0.0334,---,-1.1534,-17.6351,-0.0236, 4.6546
39308,333,336.1378,59.3766,0.0334,---,2.6938,-38.3181,-0.0528, 3.6501
39358,336,336.0606,59.2856,0.0334,---,-3.2288,-6.4635,-0.0528, 1.6193
39358,296,336.0606,59.2856,0.0334,---,-1.0771,-17.4249,-0.0236, 4.6756
39358,333,336.0606,59.2856,0.0334,---,2.7710,-38.2271,-0.0528, 3.5735
39408,336,335.9824,59.1956,0.0334,---,-3.2930,-6.2472,-0.0526, 2.3923
39408,296,335.9824,59.1956,0.0334,---,-0.9996,-17.2156,-0.0236, 4.4406
39408,333,335.9824,59.1956,0.0334,---,2.8492,-38.1371,-0.0528, 1000000.0000
39458,296,335.9030,59.1065,0.0334,---,-0.9212,-17.0072,-0.0236, 4.7657
39458,336,335.9030,59.1065,0.0334,---,-3.3613,-6.0311,-0.0527, 2.5177
39458,333,335.9030,59.1065,0.0334,---,2.9286,-38.0480,-0.0528, 1000000.0000
39508,296,335.8226,59.0183,0.0334,---,-0.8416,-16.7999,-0.0236, 4.5678
39508,336,335.8226,59.0183,0.0334,---,-3.4353,-5.8175,-0.0527, 2.2405
39508,333,335.8226,59.0183,0.0334,---,3.0090,-37.9599,-0.0528, 3.7373
39508,339,335.8226,59.0183,0.0334,---,0.0000,0.0000,0.0000, 1000000.0000
39558,336,335.7411,58.9312,0.0334,---,-3.5160,-5.6095,-0.0526, 1.1657
39558,296,335.7411,58.9312,0.0334,---,-0.7611,-16.5935,-0.0236, 4.3642
39558,333,335.7411,58.9312,0.0334,---,3.0905,-37.8727,-0.0528, 1000000.0000
39608,336,335.6587,58.8450,0.0334,---,-3.6019,-5.4029,-0.0527, 1.2289
39608,296,335.6587,58.8450,0.0334,---,-0.6794,-16.3881,-0.0236, 4.2928
39608,333,335.6587,58.8450,0.0334,---,3.1729,-37.7865,-0.0528, 3.4829
39608,339,335.6587,58.8450,0.0334,---,0.0000,0.0000,0.0000, 1000000.0000
39658,296,335.5752,58.7598,0.0334,---,-0.5970,-16.1836,-0.0236, 4.6721
39658,336,335.5752,58.7598,0.0334,---,-3.6937,-5.2013,-0.0527, 1.1040
39658,333,335.5752,58.7598,0.0334,---,3.2564,-37.7013,-0.0528, 3.6150
39658,339,335.5752,58.7598,0.0334,---,0.0000,0.0000,0.0000, 1000000.0000
39708,296,335.4908,58.6756,0.0334,---,-0.5134,-15.9802,-0.0236, 4.2498
39708,336,335.4908,58.6756,0.0334,---,-3.7915,-5.0073,-0.0526, 1.1347
39708,333,335.4908,58.6756,0.0334,---,3.3408,-37.6171,-0.0528, 1000000.0000
39708,339,335.4908,58.6756,0.0334,---,0.0000,0.0000,0.0000, 1000000.0000
39758,296,335.4053,58.5924,0.0334,---,-0.4289,-15.7777,-0.0236, 4.6810
39758,336,335.4053,58.5924,0.0334,---,-3.8943,-4.8205,-0.0525, 1.1510
39758,333,335.4053,58.5924,0.0334,---,3.4263,-37.5339,-0.0528, 1000000.0000
39758,339,335.4053,58.5924,0.0334,---,0.0000,0.0000,0.0000, 1000000.0000
39808,336,335.3188,58.5101,0.0334,---,-4.0011,-4.6412,-0.0524, 1.3529
39808,296,335.3188,58.5101,0.0334,---,-0.3433,-15.5762,-0.0236, 4.1735
39808,272,335.3188,58.5101,0.0334,---,-20.7055,-2.7845,-0.0686, 1000000.0000
39808,339,335.3188,58.5101,0.0334,---,0.0000,0.0000,0.0000, 1000000.0000
39858,336,335.2314,58.4289,0.0334,---,-4.1099,-4.4614,-0.0526, 1.3411
39858,272,335.2314,58.4289,0.0334,---,-20.8517,-2.7088,-0.0686, 1000000.0000
39858,296,335.2314,58.4289,0.0334,---,-0.2569,-15.3758,-0.0236, 1000000.0000
39858,339,335.2314,58.4289,0.0334,---,0.0000,0.0000,0.0000, 1000000.0000
39908,336,335.1431,58.3487,0.0334,---,-4.2209,-4.2850,-0.0526, 1.2673
39908,296,335.1431,58.3487,0.0334,---,-0.1695,-15.1763,-0.0236, 4.1171
39908,272,335.1431,58.3487,0.0334,---,-20.9971,-2.6341,-0.0686, 1000000.0000
39908,339,335.1431,58.3487,0.0334,---,0.0000,0.0000,0.0000, 1000000.0000
39958,336,335.0538,58.2695,0.0334,---,-4.3343,-4.1169,-0.0525, 1.2026
39958,296,335.0538,58.2695,0.0334,---,-0.0813,-14.9779,-0.0236, 4.0140
39958,272,335.0538,58.2695,0.0334,---,-21.1415,-2.5606,-0.0686, 1000000.0000
39958,339,335.0538,58.2695,0.0334,---,0.0000,0.0000,0.0000, 1000000.0000
40008,336,334.9637,58.1914,0.0334,---,-4.4492,-3.9525,-0.0525, 1.4625
40008,296,334.9637,58.1914,0.0334,---,0.0079,-14.7805,-0.0236, 4.0378
40008,272,334.9637,58.1914,0.0334,---,-21.2851,-2.4881,-0.0686, 1000000.0000
40008,339,334.9637,58.1914,0.0334,---,0.0000,0.0000,0.0000, 1000000.0000
40058,336,334.8727,58.1143,0.0334,---,-4.5648,-3.7898,-0.0526, 1.3829
40058,296,334.8727,58.1143,0.0334,---,0.0980,-14.5842,-0.0236, 4.2801
40058,272,334.8727,58.1143,0.0334,---,-21.4278,-2.4168,-0.0686, 1000000.0000
40058,339,334.8727,58.1143,0.0334,---,0.0000,0.0000,0.0000, 1000000.0000
40108,336,334.7816,58.0389,0.0335,---,-4.6825,-3.6350,-0.0525, 1.3237
40108,272,334.7816,58.0389,0.0335,---,-21.5704,-2.3473,-0.0686, 1000000.0000
40108,296,334.7816,58.0389,0.0335,---,0.1881,-14.3896,-0.0236, 1000000.0000
40108,339,334.7816,58.0389,0.0335,---,0.0000,0.0000,0.0000, 1000000.0000
40158,336,334.6934,57.9675,0.0335,---,-4.8050,-3.4883,-0.0526, 1.3129
40158,272,334.6934,57.9675,0.0335,---,-21.7159,-2.2818,-0.0687, 1000000.0000
40158,296,334.6934,57.9675,0.0335,---,0.2753,-14.1989,-0.0237, 1000000.0000
40158,301,334.6934,57.9675,0.0335,---,0.1283,-32.4419,-0.0308, 1000000.0000
40158,339,334.6934,57.9675,0.0335,---,0.0000,0.0000,0.0000, 1000000.0000
40208,336,334.6157,57.9058,0.0338,---,-4.9394,-3.3533,-0.0529, 1.6360
40208,272,334.6157,57.9058,0.0338,---,-21.8720,-2.2261,-0.0689, 1000000.0000
40208,301,334.6157,57.9058,0.0338,---,0.2094,-32.1246,-0.0311, 1000000.0000
40208,339,334.6157,57.9058,0.0338,---,0.0000,0.0000,0.0000, 1000000.0000
40258,336,334.5599,57.8628,0.0342,---,-5.0972,-3.2421,-0.0533, 1.5517
40258,272,334.5599,57.8628,0.0342,---,-22.0500,-2.1891,-0.0694, 1000000.0000
40258,339,334.5599,57.8628,0.0342,---,0.0000,0.0000,0.0000, 1000000.0000
40308,336,334.5268,57.8379,0.0346,---,-5.2791,-3.1519,-0.0537, 1.9666
40308,272,334.5268,57.8379,0.0346,---,-22.2507,-2.1703,-0.0698, 1000000.0000
40308,339,334.5268,57.8379,0.0346,---,0.0000,0.0000,0.0000, 1000000.0000
40358,336,334.5147,57.8288,0.0349,---,-5.4832,-3.0794,-0.0541, 1.8974
40358,272,334.5147,57.8288,0.0349,---,-22.4724,-2.1674,-0.0701, 1000000.0000
40358,339,334.5147,57.8288,0.0349,---,0.0000,0.0000,0.0000, 1000000.0000
40408,336,334.5148,57.8287,0.0350,---,-5.7006,-3.0203,-0.0541, 2.4899
40408,272,334.5148,57.8287,0.0350,---,-22.7062,-2.1735,-0.0702, 1000000.0000
40408,339,334.5148,57.8287,0.0350,---,0.0000,0.0000,0.0000, 1000000.0000
40458,336,334.5146,57.8287,0.0348,---,-5.9188,-2.9642,-0.0539, 2.3880
40458,272,334.5146,57.8287,0.0348,---,-22.9399,-2.1796,-0.0700, 1000000.0000
40458,339,334.5146,57.8287,0.0348,---,0.0000,0.0000,0.0000, 1000000.0000
40508,336,334.5145,57.8286,0.0345,---,-6.1380,-2.9116,-0.0536, 3.2176
40508,272,334.5145,57.8286,0.0345,---,-23.1736,-2.1858,-0.0697, 1000000.0000
40508,339,334.5145,57.8286,0.0345,---,0.0000,0.0000,0.0000, 1000000.0000
40558,336,334.5144,57.8285,0.0343,---,-6.3579,-2.8609,-0.0534, 3.1111
40558,272,334.5144,57.8285,0.0343,---,-23.4073,-2.1920,-0.0694, 1000000.0000
40558,339,334.5144,57.8285,0.0343,---,0.0000,0.0000,0.0000, 1000000.0000
40608,336,334.5142,57.8284,0.0340,---,-6.5786,-2.8132,-0.0532, 3.7479
40608,272,334.5142,57.8284,0.0340,---,-23.6410,-2.1983,-0.0692, 1000000.0000
40608,339,334.5142,57.8284,0.0340,---,0.0000,0.0000,0.0000, 1000000.0000
40658,336,334.5139,57.8282,0.0339,---,-6.7998,-2.7676,-0.0531, 3.6533
40658,272,334.5139,57.8282,0.0339,---,-23.8746,-2.2045,-0.0690, 1000000.0000
40658,339,334.5139,57.8282,0.0339,---,0.0000,0.0000,0.0000, 1000000.0000
40708,336,334.5114,57.8262,0.0337,---,-7.0193,-2.7230,-0.0529, 4.4253
40708,272,334.5114,57.8262,0.0337,---,-24.1059,-2.2089,-0.0689, 1000000.0000
40708,339,334.5114,57.8262,0.0337,---,0.0000,0.0000,0.0000, 1000000.0000
40758,336,334.5091,57.8244,0.0336,---,-7.2397,-2.6805,-0.0528, 4.3834
40758,272,334.5091,57.8244,0.0336,---,-24.3375,-2.2136,-0.0688, 1000000.0000
40758,339,334.5091,57.8244,0.0336,---,0.0000,0.0000,0.0000, 1000000.0000
40808,336,334.5065,57.8226,0.0336,---,-7.4602,-2.6398,-0.0528, 4.2953
40808,272,334.5065,57.8226,0.0336,---,-24.5688,-2.2183,-0.0687, 1000000.0000
40808,339,334.5065,57.8226,0.0336,---,0.0000,0.0000,0.0000, 1000000.0000
40858,336,334.5016,57.8188,0.0335,---,-7.6788,-2.5997,-0.0527, 4.2140
40858,272,334.5016,57.8188,0.0335,---,-24.7978,-2.2211,-0.0686, 1000000.0000
40858,339,334.5016,57.8188,0.0335,---,0.0000,0.0000,0.0000, 1000000.0000
40908,336,334.4913,57.8112,0.0333,---,-7.8925,-2.5577,-0.0526, 4.1778
40908,272,334.4913,57.8112,0.0333,---,-25.0214,-2.2201,-0.0685, 1000000.0000
40908,339,334.4913,57.8112,0.0333,---,0.0000,0.0000,0.0000, 1000000.0000
40958,336,334.4764,57.8001,0.0332,---,-8.1020,-2.5139,-0.0525, 4.1020
40958,272,334.4764,57.8001,0.0332,---,-25.2405,-2.2156,-0.0684, 1000000.0000
40958,339,334.4764,57.8001,0.0332,---,0.0000,0.0000,0.0000, 1000000.0000
41008,336,334.4575,57.7859,0.0331,---,-8.3077,-2.4690,-0.0524, 4.0340
41008,272,334.4575,57.7859,0.0331,---,-25.4555,-2.2081,-0.0683, 1000000.0000
41058,336,334.4346,57.7685,0.0331,---,-8.5098,-2.4226,-0.0524, 3.9382
41058,272,334.4346,57.7685,0.0331,---,-25.6666,-2.1974,-0.0682, 1000000.0000
41108,336,334.4064,57.7472,0.0330,---,-8.7068,-2.3738,-0.0523, 3.8856
41108,272,334.4064,57.7472,0.0330,---,-25.8723,-2.1828,-0.0682, 1000000.0000
41158,336,334.3734,57.7234,0.0330,---,-8.8993,-2.3243,-0.0523, 3.8108
41158,272,334.3734,57.7234,0.0330,---,-26.0733,-2.1658,-0.0682, 1000000.0000
41208,336,334.3343,57.6945,0.0329,---,-9.0858,-2.2711,-0.0522, 3.7234
41208,272,334.3343,57.6945,0.0329,---,-26.2681,-2.1436,-0.0681, 1000000.0000
41258,336,334.2886,57.6608,0.0329,---,-9.2659,-2.2145,-0.0522, 4.4572
41258,272,334.2886,57.6608,0.0329,---,-26.4565,-2.1167,-0.0680, 1000000.0000
41308,336,334.2342,57.6224,0.0328,---,-9.4376,-2.1548,-0.0521, 4.3684
41308,272,334.2342,57.6224,0.0328,---,-26.6361,-2.0852,-0.0680, 1000000.0000
41358,336,334.1730,57.5787,0.0327,---,-9.6027,-2.0909,-0.0520, 4.2802
41358,272,334.1730,57.5787,0.0327,---,-26.8089,-2.0483,-0.0679, 1000000.0000
41408,336,334.1058,57.5324,0.0327,---,-9.7618,-2.0257,-0.0521, 4.1267
41408,272,334.1058,57.5324,0.0327,---,-26.9757,-2.0088,-0.0679, 1000000.0000
41458,336,334.0333,57.4816,0.0327,---,-9.9159,-1.9572,-0.0521, 3.9943
41458,272,334.0333,57.4816,0.0327,---,-27.1373,-1.9648,-0.0679, 1000000.0000
41508,336,333.9543,57.4283,0.0327,---,-10.0635,-1.8873,-0.0521, 3.9539
41508,272,333.9543,57.4283,0.0327,---,-27.2924,-1.9183,-0.0679, 1000000.0000
41558,336,333.8689,57.3726,0.0328,---,-10.2049,-1.8161,-0.0521, 3.9033
41608,336,333.7789,57.3125,0.0328,---,-10.3418,-1.7416,-0.0521, 3.7934
41658,336,333.6841,57.2514,0.0328,---,-10.4739,-1.6671,-0.0522, 3.7020
41708,336,333.5850,57.1900,0.0329,---,-10.6019,-1.5931,-0.0522, 3.5950
41708,289,333.5850,57.1900,0.0329,---,-20.3684,2.2688,-0.0407, 1000000.0000
41758,336,333.4824,57.1280,0.0329,---,-10.7264,-1.5196,-0.0523, 3.4815
41758,289,333.4824,57.1280,0.0329,---,-20.2658,2.3308,-0.0407, 1000000.0000
41808,336,333.3765,57.0653,0.0330,---,-10.8477,-1.4462,-0.0523, 3.3830
41808,289,333.3765,57.0653,0.0330,---,-20.1598,2.3935,-0.0408, 1000000.0000
41858,336,333.2673,57.0022,0.0330,---,-10.9658,-1.3731,-0.0524, 4.3184
41858,289,333.2673,57.0022,0.0330,---,-20.0507,2.4566,-0.0408, 1000000.0000
41908,336,333.1549,56.9389,0.0331,---,-11.0807,-1.3006,-0.0524, 4.1248
41908,289,333.1549,56.9389,0.0331,---,-19.9382,2.5199,-0.0408, 7.2826
41958,336,333.0393,56.8756,0.0331,---,-11.1926,-1.2289,-0.0524, 4.0567
41958,289,333.0393,56.8756,0.0331,---,-19.8227,2.5833,-0.0409, 7.3065
42008,336,332.9202,56.8147,0.0331,---,-11.3009,-1.1602,-0.0525, 3.9421
42008,289,332.9202,56.8147,0.0331,---,-19.7036,2.6442,-0.0409, 7.2094
42058,336,332.7984,56.7533,0.0331,---,-11.4066,-1.0918,-0.0525, 3.8800
42058,289,332.7984,56.7533,0.0331,---,-19.5818,2.7055,-0.0409, 8.3597
42108,336,332.6732,56.6954,0.0332,---,-11.5089,-1.0275,-0.0526, 3.8360
42108,289,332.6732,56.6954,0.0332,---,-19.4565,2.7634,-0.0410, 7.2549
42158,336,332.5453,56.6369,0.0332,---,-11.6086,-0.9632,-0.0526, 3.7487
42158,289,332.5453,56.6369,0.0332,---,-19.3287,2.8220,-0.0410, 7.1970
42208,336,332.4150,56.5771,0.0332,---,-11.7059,-0.8982,-0.0526, 3.6568
42208,289,332.4150,56.5771,0.0332,---,-19.1983,2.8818,-0.0410, 1000000.0000
42258,336,332.2816,56.5199,0.0332,---,-11.8002,-0.8363,-0.0526, 3.6202
42258,289,332.2816,56.5199,0.0332,---,-19.0649,2.9389,-0.0410, 7.2969
42308,336,332.1451,56.4658,0.0332,---,-11.8914,-0.7781,-0.0526, 3.5188
42308,289,332.1451,56.4658,0.0332,---,-18.9285,2.9930,-0.0410, 1000000.0000
42358,336,332.0064,56.4110,0.0332,---,-11.9804,-0.7197,-0.0526, 3.4477
42358,289,332.0064,56.4110,0.0332,---,-18.7898,3.0478,-0.0410, 8.1697
42408,336,331.8650,56.3579,0.0332,---,-12.0668,-0.6634,-0.0526, 3.3799
42408,289,331.8650,56.3579,0.0332,---,-18.6483,3.1009,-0.0410, 8.7902
42458,336,331.7200,56.3073,0.0332,---,-12.1496,-0.6100,-0.0526, 4.2888
42458,289,331.7200,56.3073,0.0332,---,-18.5034,3.1515,-0.0410, 7.9328
42508,336,331.5711,56.2557,0.0332,---,-12.2285,-0.5562,-0.0526, 4.1259
42508,289,331.5711,56.2557,0.0332,---,-18.3545,3.2031,-0.0410, 7.9322
42558,336,331.4178,56.2058,0.0332,---,-12.3030,-0.5043,-0.0526, 3.8728
42558,289,331.4178,56.2058,0.0332,---,-18.2011,3.2531,-0.0410, 8.3949
42608,336,331.2596,56.1605,0.0332,---,-12.3728,-0.4574,-0.0526, 3.7880
42608,289,331.2596,56.1605,0.0332,---,-18.0430,3.2984,-0.0410, 7.9652
42658,336,331.0966,56.1136,0.0331,---,-12.4377,-0.4094,-0.0525, 3.6252
42658,289,331.0966,56.1136,0.0331,---,-17.8800,3.3453,-0.0409, 8.3561
42708,336,330.9285,56.0680,0.0331,---,-12.4974,-0.3631,-0.0525, 3.5617
42708,289,330.9285,56.0680,0.0331,---,-17.7118,3.3908,-0.0409, 8.0019
42758,336,330.7551,56.0230,0.0331,---,-12.5519,-0.3176,-0.0525, 3.4244
42758,289,330.7551,56.0230,0.0331,---,-17.5384,3.4358,-0.0409, 8.1286
42808,336,330.5764,55.9784,0.0331,---,-12.6013,-0.2727,-0.0525, 3.3353
42808,289,330.5764,55.9784,0.0331,---,-17.3598,3.4805,-0.0408, 1000000.0000
42858,289,330.3927,55.9358,0.0330,---,-17.1761,3.5230,-0.0408, 8.4382
42858,336,330.3927,55.9358,0.0330,---,-12.6455,-0.2304,-0.0524, 3.2284
42908,336,330.2040,55.8939,0.0330,---,-12.6848,-0.1890,-0.0524, 3.2702
42908,289,330.2040,55.8939,0.0330,---,-16.9874,3.5649,-0.0408, 8.0199
42958,336,330.0109,55.8536,0.0330,---,-12.7197,-0.1492,-0.0524, 3.0942
42958,289,330.0109,55.8536,0.0330,---,-16.7943,3.6053,-0.0408, 8.1613
43008,336,329.8137,55.8148,0.0330,---,-12.7505,-0.1113,-0.0524, 4.1573
43008,289,329.8137,55.8148,0.0330,---,-16.5970,3.6441,-0.0408, 7.2984
43058,336,329.6129,55.7757,0.0331,---,-12.7777,-0.0734,-0.0525, 3.9563
43058,289,329.6129,55.7757,0.0331,---,-16.3962,3.6831,-0.0408, 8.4038
43108,336,329.4087,55.7383,0.0331,---,-12.8016,-0.0373,-0.0525, 3.7360
43108,289,329.4087,55.7383,0.0331,---,-16.1920,3.7205,-0.0409, 8.3728
43158,336,329.2016,55.7032,0.0331,---,-12.8226,-0.0038,-0.0525, 3.6471
43158,289,329.2016,55.7032,0.0331,---,-15.9849,3.7556,-0.0409, 8.2841
43208,336,328.9919,55.6688,0.0331,---,-12.8410,0.0288,-0.0525, 3.5791
43208,289,328.9919,55.6688,0.0331,---,-15.7753,3.7900,-0.0409, 8.3768
43258,336,328.7800,55.6361,0.0332,---,-12.8572,0.0595,-0.0526, 3.5206
43258,289,328.7800,55.6361,0.0332,---,-15.5633,3.8227,-0.0409, 7.8761
43308,336,328.5660,55.6049,0.0332,---,-12.8713,0.0886,-0.0526, 3.4152
43308,289,328.5660,55.6049,0.0332,---,-15.3493,3.8539,-0.0410, 7.2186
43358,336,328.3502,55.5755,0.0332,---,-12.8837,0.1158,-0.0526, 3.3948
43358,289,328.3502,55.5755,0.0332,---,-15.1336,3.8834,-0.0410, 7.8571
43408,336,328.1330,55.5474,0.0332,---,-12.8947,0.1414,-0.0526, 3.2864
43408,289,328.1330,55.5474,0.0332,---,-14.9164,3.9114,-0.0410, 7.8830
43458,336,327.9143,55.5205,0.0332,---,-12.9041,0.1657,-0.0527, 3.2066
43458,289,327.9143,55.5205,0.0332,---,-14.6977,3.9383,-0.0410, 7.8808
43508,336,327.6945,55.4952,0.0333,---,-12.9124,0.1883,-0.0527, 3.1598
43508,289,327.6945,55.4952,0.0333,---,-14.4778,3.9637,-0.0411, 7.9406
43558,336,327.4735,55.4715,0.0333,---,-12.9197,0.2092,-0.0527, 3.0810
43558,289,327.4735,55.4715,0.0333,---,-14.2569,3.9874,-0.0411, 7.3457
43608,336,327.2517,55.4491,0.0333,---,-12.9261,0.2285,-0.0527, 4.0152
43608,289,327.2517,55.4491,0.0333,---,-14.0350,4.0098,-0.0411, 7.9944
43658,336,327.0290,55.4279,0.0333,---,-12.9317,0.2466,-0.0527, 3.8229
43658,289,327.0290,55.4279,0.0333,---,-13.8123,4.0309,-0.0411, 8.4447
43708,336,326.8056,55.4081,0.0333,---,-12.9365,0.2632,-0.0527, 3.7813
43708,289,326.8056,55.4081,0.0333,---,-13.5890,4.0508,-0.0411, 8.4489
43758,336,326.5816,55.3894,0.0333,---,-12.9407,0.2785,-0.0527, 3.6426
43758,289,326.5816,55.3894,0.0333,---,-13.3649,4.0694,-0.0411, 8.3259
43808,336,326.3570,55.3719,0.0333,---,-12.9445,0.2926,-0.0528, 3.5591
43808,289,326.3570,55.3719,0.0333,---,-13.1404,4.0869,-0.0411, 8.3145
43858,336,326.1319,55.3556,0.0334,---,-12.9476,0.3054,-0.0528, 3.4949
43858,289,326.1319,55.3556,0.0334,---,-12.9153,4.1032,-0.0411, 8.3894
43908,336,325.9064,55.3403,0.0334,---,-12.9504,0.3171,-0.0528, 3.4675
43908,289,325.9064,55.3403,0.0334,---,-12.6897,4.1185,-0.0412, 8.3987
43958,336,325.6805,55.3260,0.0334,---,-12.9529,0.3277,-0.0528, 3.3870
43958,289,325.6805,55.3260,0.0334,---,-12.4638,4.1328,-0.0412, 8.3665
44008,336,325.4543,55.3129,0.0334,---,-12.9549,0.3371,-0.0528, 3.3288
44008,289,325.4543,55.3129,0.0334,---,-12.2376,4.1459,-0.0412, 8.3622
44058,336,325.2277,55.3007,0.0334,---,-12.9568,0.3455,-0.0528, 3.2919
44058,289,325.2277,55.3007,0.0334,---,-12.0111,4.1581,-0.0412, 7.3265
44108,336,325.0009,55.2893,0.0334,---,-12.9583,0.3530,-0.0528, 3.1948
44108,289,325.0009,55.2893,0.0334,---,-11.7843,4.1695,-0.0412, 8.2642
44158,336,324.7739,55.2788,0.0334,---,-12.9597,0.3595,-0.0528, 3.1179
44158,289,324.7739,55.2788,0.0334,---,-11.5573,4.1800,-0.0412, 8.3199
44208,289,324.5467,55.2693,0.0334,---,-11.3300,4.1895,-0.0412, 8.3641
44208,336,324.5467,55.2693,0.0334,---,-12.9608,0.3650,-0.0528, 3.8968
44258,336,324.3192,55.2604,0.0334,---,-12.9618,0.3699,-0.0528, 3.8696
44258,289,324.3192,55.2604,0.0334,---,-11.1026,4.1985,-0.0412, 7.3258
44308,336,324.0917,55.2523,0.0334,---,-12.9627,0.3738,-0.0528, 3.7847
44308,289,324.0917,55.2523,0.0334,---,-10.8751,4.2066,-0.0412, 8.0688
44358,336,323.8640,55.2450,0.0334,---,-12.9634,0.3769,-0.0528, 3.6790
44358,289,323.8640,55.2450,0.0334,---,-10.6473,4.2139,-0.0412, 7.3295
44408,336,323.6362,55.2384,0.0334,---,-12.9640,0.3792,-0.0528, 3.5996
44408,289,323.6362,55.2384,0.0334,---,-10.4195,4.2204,-0.0412, 7.3498
44458,336,323.4082,55.2324,0.0334,---,-12.9645,0.3810,-0.0528, 3.5597
44458,289,323.4082,55.2324,0.0334,---,-10.1916,4.2265,-0.0412, 7.3672
44508,336,323.1802,55.2270,0.0334,---,-12.9649,0.3821,-0.0528, 3.4786
44508,289,323.1802,55.2270,0.0334,---,-9.9635,4.2319,-0.0412, 7.3165
44558,336,322.9521,55.2222,0.0334,---,-12.9653,0.3824,-0.0528, 3.4050
44558,289,322.9521,55.2222,0.0334,---,-9.7354,4.2366,-0.0412, 7.3191
44608,336,322.7239,55.2182,0.0334,---,-12.9656,0.3821,-0.0528, 3.3198
44608,289,322.7239,55.2182,0.0334,---,-9.5072,4.2407,-0.0412, 7.3459
44658,336,322.4956,55.2144,0.0334,---,-12.9659,0.3813,-0.0528, 3.2420
44658,289,322.4956,55.2144,0.0334,---,-9.2790,4.2444,-0.0412, 7.5010
44708,336,322.2673,55.2113,0.0334,---,-12.9661,0.3800,-0.0528, 3.1003
44708,289,322.2673,55.2113,0.0334,---,-9.0507,4.2476,-0.0412, 7.3805
44758,336,322.0389,55.2087,0.0334,---,-12.9662,0.3780,-0.0528, 4.0546
44758,289,322.0389,55.2087,0.0334,---,-8.8223,4.2502,-0.0412, 7.4815
44808,289,321.8105,55.2064,0.0334,---,-8.5938,4.2525,-0.0412, 7.3424
44808,336,321.8105,55.2064,0.0334,---,-12.9663,0.3757,-0.0528, 3.9243
44858,336,321.5820,55.2045,0.0334,---,-12.9665,0.3729,-0.0528, 3.8199
44858,289,321.5820,55.2045,0.0334,---,-8.3654,4.2543,-0.0412, 6.1971
44908,336,321.3535,55.2032,0.0334,---,-12.9666,0.3695,-0.0528, 3.7361
44908,289,321.3535,55.2032,0.0334,---,-8.1369,4.2556,-0.0412, 6.1889
44958,336,321.1250,55.2024,0.0334,---,-12.9666,0.3657,-0.0528, 3.6759
44958,289,321.1250,55.2024,0.0334,---,-7.9084,4.2565,-0.0412, 5.0978
45008,336,320.8964,55.2017,0.0334,---,-12.9666,0.3615,-0.0528, 3.5940
45008,289,320.8964,55.2017,0.0334,---,-7.6798,4.2571,-0.0412, 4.1893
45008,319,320.8964,55.2017,0.0334,---,-49.5896,4.1794,-0.0415, 1495.5964
45058,336,320.6678,55.2014,0.0334,---,-12.9666,0.3570,-0.0528, 3.5368
45058,289,320.6678,55.2014,0.0334,---,-7.4512,4.2574,-0.0412, 4.3635
45058,319,320.6678,55.2014,0.0334,---,-49.1140,4.1797,-0.0415, 1439.1952
45108,336,320.4392,55.2016,0.0334,---,-12.9666,0.3520,-0.0528, 3.3916
45108,289,320.4392,55.2016,0.0334,---,-7.2225,4.2573,-0.0412, 3.4041
45108,319,320.4392,55.2016,0.0334,---,-48.6384,4.1797,-0.0415, 1420.2878
45158,336,320.2105,55.2019,0.0334,---,-12.9666,0.3467,-0.0528, 3.2410
45158,289,320.2105,55.2019,0.0334,---,-6.9939,4.2570,-0.0412, 2.5450
45158,319,320.2105,55.2019,0.0334,---,-48.1628,4.1794,-0.0415, 1383.4498
45208,336,319.9818,55.2025,0.0334,---,-12.9665,0.3411,-0.0528, 3.3199
45208,289,319.9818,55.2025,0.0334,---,-6.7652,4.2563,-0.0412, 2.5811
45208,319,319.9818,55.2025,0.0334,---,-47.6872,4.1788,-0.0415, 1000000.0000
45258,336,319.7531,55.2035,0.0334,---,-12.9665,0.3351,-0.0528, 3.2743
45258,289,319.7531,55.2035,0.0334,---,-6.5365,4.2553,-0.0412, 2.0335
45258,319,319.7531,55.2035,0.0334,---,-47.2115,4.1778,-0.0415, 1000000.0000
45308,336,319.5244,55.2048,0.0334,---,-12.9664,0.3287,-0.0528, 3.1968
45308,289,319.5244,55.2048,0.0334,---,-6.3078,4.2540,-0.0412, 1.5719
45308,319,319.5244,55.2048,0.0334,---,-46.7358,4.1766,-0.0415, 1000000.0000
45358,336,319.2957,55.2063,0.0334,---,-12.9664,0.3222,-0.0528, 4.0461
45358,289,319.2957,55.2063,0.0334,---,-6.0790,4.2526,-0.0412, 1.2449
45358,319,319.2957,55.2063,0.0334,---,-46.2601,4.1752,-0.0415, 1000000.0000
45408,336,319.0670,55.2080,0.0334,---,-12.9663,0.3154,-0.0528, 3.8640
45408,289,319.0670,55.2080,0.0334,---,-5.8503,4.2509,-0.0412, 1.2740
45408,319,319.0670,55.2080,0.0334,---,-45.7844,4.1735,-0.0415, 1000000.0000
45458,336,318.8382,55.2100,0.0334,---,-12.9663,0.3083,-0.0528, 3.7594
45458,289,318.8382,55.2100,0.0334,---,-5.6216,4.2489,-0.0412, 1.0403
45458,319,318.8382,55.2100,0.0334,---,-45.3087,4.1716,-0.0415, 1000000.0000
45458,339,318.8382,55.2100,0.0334,---,0.0000,0.0000,0.0000, 1000000.0000
45508,336,318.6094,55.2120,0.0334,---,-12.9662,0.3011,-0.0528, 3.6774
45508,289,318.6094,55.2120,0.0334,---,-5.3927,4.2468,-0.0412, 0.9755
45508,319,318.6094,55.2120,0.0334,---,-44.8329,4.1696,-0.0415, 1000000.0000
45508,339,318.6094,55.2120,0.0334,---,0.0000,0.0000,0.0000, 1000000.0000
45558,336,318.3806,55.2144,0.0334,---,-12.9661,0.2936,-0.0528, 3.5963
45558,289,318.3806,55.2144,0.0334,---,-5.1639,4.2445,-0.0412, 0.9776
45558,319,318.3806,55.2144,0.0334,---,-44.3571,4.1673,-0.0415, 1105.9987
45608,336,318.1518,55.2169,0.0334,---,-12.9661,0.2859,-0.0528, 3.4963
45608,289,318.1518,55.2169,0.0334,---,-4.9351,4.2419,-0.0412, 1.0168
45608,319,318.1518,55.2169,0.0334,---,-43.8813,4.1648,-0.0415, 1073.3746
45658,336,317.9229,55.2197,0.0334,---,-12.9660,0.2780,-0.0528, 3.4223
45658,289,317.9229,55.2197,0.0334,---,-4.7063,4.2391,-0.0412, 1.1836
45658,319,317.9229,55.2197,0.0334,---,-43.4055,4.1621,-0.0415, 1041.5856
45708,336,317.6941,55.2225,0.0334,---,-12.9659,0.2700,-0.0528, 3.3246
45708,289,317.6941,55.2225,0.0334,---,-4.4774,4.2363,-0.0412, 1.4884
45708,319,317.6941,55.2225,0.0334,---,-42.9297,4.1593,-0.0415, 1024.8723
45758,336,317.4652,55.2255,0.0334,---,-12.9659,0.2619,-0.0528, 3.2618
45758,319,317.4652,55.2255,0.0334,---,-42.4538,4.1563,-0.0415, 994.0463
45758,289,317.4652,55.2255,0.0334,---,-4.2486,4.2333,-0.0412, 1000000.0000
45808,336,317.2363,55.2287,0.0334,---,-12.9658,0.2536,-0.0528, 3.1856
45808,319,317.2363,55.2287,0.0334,---,-41.9780,4.1531,-0.0415, 963.2914
45808,289,317.2363,55.2287,0.0334,---,-4.0197,4.2301,-0.0412, 1000000.0000
45858,336,317.0074,55.2320,0.0334,---,-12.9657,0.2452,-0.0528, 3.1104
45858,319,317.0074,55.2320,0.0334,---,-41.5021,4.1499,-0.0415, 932.9812
45908,336,316.7785,55.2354,0.0334,---,-12.9657,0.2367,-0.0528, 3.0408
45908,319,316.7785,55.2354,0.0334,---,-41.0262,4.1466,-0.0415, 1000000.0000
45958,336,316.5496,55.2390,0.0334,---,-12.9656,0.2281,-0.0528, 3.9861
45958,319,316.5496,55.2390,0.0334,---,-40.5503,4.1430,-0.0415, 1000000.0000
46008,336,316.3207,55.2427,0.0334,---,-12.9655,0.2194,-0.0528, 3.8265
46008,319,316.3207,55.2427,0.0334,---,-40.0744,4.1393,-0.0415, 3.8393
46058,336,316.0917,55.2464,0.0334,---,-12.9655,0.2107,-0.0528, 3.7244
46058,319,316.0917,55.2464,0.0334,---,-39.5985,4.1356,-0.0415, 3.8079
46108,336,315.8628,55.2503,0.0334,---,-12.9654,0.2019,-0.0528, 3.6222
46108,319,315.8628,55.2503,0.0334,---,-39.1226,4.1318,-0.0415, 3.9770
46158,336,315.6338,55.2543,0.0334,---,-12.9654,0.1931,-0.0528, 3.5716
46158,319,315.6338,55.2543,0.0334,---,-38.6466,4.1279,-0.0415, 4.0059
46208,336,315.4048,55.2583,0.0334,---,-12.9653,0.1843,-0.0528, 3.4284
46208,319,315.4048,55.2583,0.0334,---,-38.1707,4.1239,-0.0415, 3.6441
46258,336,315.1758,55.2624,0.0334,---,-12.9652,0.1755,-0.0528, 3.3671
46258,319,315.1758,55.2624,0.0334,---,-37.6947,4.1198,-0.0415, 3.7622
46308,336,314.9468,55.2666,0.0334,---,-12.9652,0.1666,-0.0528, 3.2910
46308,319,314.9468,55.2666,0.0334,---,-37.2187,4.1156,-0.0415, 3.7480
46358,336,314.7178,55.2709,0.0334,---,-12.9652,0.1578,-0.0528, 3.2142
46358,319,314.7178,55.2709,0.0334,---,-36.7427,4.1113,-0.0415, 3.6911
46408,336,314.4887,55.2752,0.0334,---,-12.9651,0.1490,-0.0528, 3.1618
46408,319,314.4887,55.2752,0.0334,---,-36.2667,4.1070,-0.0415, 3.7480
46458,336,314.2597,55.2796,0.0334,---,-12.9651,0.1402,-0.0528, 3.1283
46458,319,314.2597,55.2796,0.0334,---,-35.7907,4.1027,-0.0415, 3.8073
46508,336,314.0306,55.2841,0.0334,---,-12.9651,0.1314,-0.0528, 3.9964
46508,319,314.0306,55.2841,0.0334,---,-35.3147,4.0982,-0.0415, 3.8148
46558,336,313.8015,55.2885,0.0334,---,-12.9651,0.1227,-0.0528, 3.9324
46558,319,313.8015,55.2885,0.0334,---,-34.8386,4.0938,-0.0415, 3.8013
46608,336,313.5724,55.2931,0.0334,---,-12.9651,0.1140,-0.0528, 3.7472
46608,319,313.5724,55.2931,0.0334,---,-34.3625,4.0892,-0.0415, 3.8840
46658,336,313.3433,55.2977,0.0334,---,-12.9650,0.1053,-0.0528, 3.6396
46658,319,313.3433,55.2977,0.0334,---,-33.8864,4.0847,-0.0415, 3.8718
46708,336,313.1142,55.3024,0.0334,---,-12.9650,0.0967,-0.0528, 3.5610
46708,319,313.1142,55.3024,0.0334,---,-33.4104,4.0800,-0.0415, 3.4635
46758,336,312.8851,55.3071,0.0334,---,-12.9650,0.0882,-0.0528, 3.4913
46758,319,312.8851,55.3071,0.0334,---,-32.9343,4.0753,-0.0415, 3.5868
46808,336,312.6560,55.3118,0.0334,---,-12.9650,0.0798,-0.0528, 3.4253
46808,319,312.6560,55.3118,0.0334,---,-32.4582,4.0706,-0.0415, 3.5330
46858,336,312.4268,55.3166,0.0334,---,-12.9650,0.0714,-0.0528, 3.3697
46858,319,312.4268,55.3166,0.0334,---,-31.9820,4.0659,-0.0415, 3.5882
46908,336,312.1976,55.3214,0.0334,---,-12.9650,0.0631,-0.0528, 3.2636
46908,319,312.1976,55.3214,0.0334,---,-31.5059,4.0611,-0.0415, 3.6179
46958,336,311.9685,55.3262,0.0334,---,-12.9650,0.0548,-0.0528, 3.1904
46958,319,311.9685,55.3262,0.0334,---,-31.0298,4.0562,-0.0415, 3.6767
47008,336,311.7393,55.3311,0.0334,---,-12.9650,0.0466,-0.0528, 3.1090
47008,319,311.7393,55.3311,0.0334,---,-30.5536,4.0514,-0.0415, 3.6526
47058,336,311.5100,55.3360,0.0334,---,-12.9649,0.0385,-0.0528, 3.0370
47058,319,311.5100,55.3360,0.0334,---,-30.0774,4.0465,-0.0415, 3.7132
47108,336,311.2808,55.3409,0.0334,---,-12.9649,0.0306,-0.0528, 2.9399
47108,319,311.2808,55.3409,0.0334,---,-29.6012,4.0415,-0.0415, 3.8065
47158,336,311.0516,55.3459,0.0334,---,-12.9650,0.0226,-0.0528, 3.8909
47158,319,311.0516,55.3459,0.0334,---,-29.1250,4.0366,-0.0415, 3.7471
47208,336,310.8224,55.3509,0.0334,---,-12.9650,0.0147,-0.0528, 3.7032
47208,319,310.8224,55.3509,0.0334,---,-28.6488,4.0316,-0.0415, 3.6710
47258,336,310.5931,55.3559,0.0334,---,-12.9650,0.0070,-0.0528, 3.6256
47258,319,310.5931,55.3559,0.0334,---,-28.1725,4.0265,-0.0415, 3.7054
47308,336,310.3638,55.3610,0.0334,---,-12.9650,-0.0007,-0.0528, 3.5483
47308,319,310.3638,55.3610,0.0334,---,-27.6963,4.0214,-0.0415, 3.7942
47358,336,310.1346,55.3661,0.0334,---,-12.9650,-0.0083,-0.0528, 3.4721
47358,319,310.1346,55.3661,0.0334,---,-27.2200,4.0163,-0.0415, 3.8936
47408,336,309.9052,55.3712,0.0334,---,-12.9650,-0.0159,-0.0528, 3.3968
47408,319,309.9052,55.3712,0.0334,---,-26.7438,4.0112,-0.0415, 3.8696
47458,336,309.6759,55.3764,0.0334,---,-12.9650,-0.0233,-0.0528, 3.3047
47458,319,309.6759,55.3764,0.0334,---,-26.2675,4.0060,-0.0415, 3.8485
47508,336,309.4466,55.3816,0.0334,---,-12.9650,-0.0308,-0.0528, 3.2492
47508,319,309.4466,55.3816,0.0334,---,-25.7912,4.0008,-0.0415, 3.8879
47558,336,309.2173,55.3869,0.0334,---,-12.9651,-0.0381,-0.0528, 3.2025
47558,319,309.2173,55.3869,0.0334,---,-25.3148,3.9956,-0.0415, 3.9276
47608,336,308.9879,55.3922,0.0334,---,-12.9651,-0.0453,-0.0528, 3.1438
47608,319,308.9879,55.3922,0.0334,---,-24.8385,3.9903,-0.0415, 3.7403
47658,336,308.7586,55.3975,0.0334,---,-12.9651,-0.0525,-0.0528, 3.0607
47658,319,308.7586,55.3975,0.0334,---,-24.3622,3.9849,-0.0415, 3.7370
47708,336,308.5292,55.4028,0.0334,---,-12.9651,-0.0596,-0.0528, 3.0066
47708,319,308.5292,55.4028,0.0334,---,-23.8859,3.9796,-0.0415, 3.9957
47758,336,308.2998,55.4082,0.0334,---,-12.9651,-0.0666,-0.0528, 3.9321
47758,319,308.2998,55.4082,0.0334,---,-23.4095,3.9742,-0.0415, 3.9548
47808,336,308.0704,55.4136,0.0334,---,-12.9651,-0.0735,-0.0528, 3.7397
47808,319,308.0704,55.4136,0.0334,---,-22.9331,3.9688,-0.0415, 3.8069
47858,336,307.8410,55.4190,0.0334,---,-12.9652,-0.0804,-0.0528, 3.6572
47858,319,307.8410,55.4190,0.0334,---,-22.4568,3.9634,-0.0415, 3.7743
47908,336,307.6115,55.4244,0.0334,---,-12.9652,-0.0872,-0.0528, 3.5807
47908,319,307.6115,55.4244,0.0334,---,-21.9803,3.9580,-0.0415, 3.8393
47958,336,307.3821,55.4298,0.0334,---,-12.9652,-0.0938,-0.0528, 3.4864
47958,319,307.3821,55.4298,0.0334,---,-21.5039,3.9525,-0.0415, 3.8499
48008,336,307.1526,55.4352,0.0334,---,-12.9652,-0.1004,-0.0528, 3.4306
48008,319,307.1526,55.4352,0.0334,---,-21.0275,3.9471,-0.0415, 4.1702
48058,336,306.9232,55.4406,0.0334,---,-12.9653,-0.1069,-0.0528, 3.3380
48058,319,306.9232,55.4406,0.0334,---,-20.5511,3.9416,-0.0415, 3.8977
48108,336,306.6937,55.4460,0.0334,---,-12.9653,-0.1133,-0.0528, 3.2841
48108,319,306.6937,55.4460,0.0334,---,-20.0746,3.9362,-0.0415, 3.8711
48158,336,306.4642,55.4515,0.0334,---,-12.9653,-0.1196,-0.0528, 3.2323
48158,319,306.4642,55.4515,0.0334,---,-19.5981,3.9308,-0.0415, 3.8558
48208,336,306.2346,55.4568,0.0334,---,-12.9653,-0.1258,-0.0528, 3.1409
48208,319,306.2346,55.4568,0.0334,---,-19.1216,3.9254,-0.0415, 3.8682
48258,336,306.0052,55.4622,0.0334,---,-12.9653,-0.1319,-0.0528, 3.0931
48258,319,306.0052,55.4622,0.0334,---,-18.6451,3.9200,-0.0415, 4.0976
48308,336,305.7756,55.4675,0.0334,---,-12.9653,-0.1379,-0.0528, 3.0166
48308,319,305.7756,55.4675,0.0334,---,-18.1686,3.9146,-0.0415, 4.0689
48358,336,305.5460,55.4728,0.0334,---,-12.9653,-0.1438,-0.0528, 3.9527
48358,319,305.5460,55.4728,0.0334,---,-17.6920,3.9093,-0.0415, 3.9171
48408,336,305.3165,55.4781,0.0334,---,-12.9653,-0.1495,-0.0528, 3.8749
48408,319,305.3165,55.4781,0.0334,---,-17.2155,3.9040,-0.0415, 3.9377
48458,336,305.0869,55.4833,0.0334,---,-12.9654,-0.1551,-0.0528, 3.6980
48458,319,305.0869,55.4833,0.0334,---,-16.7390,3.8988,-0.0415, 4.1627
